[   99229ms] [ERROR] Loading a manifest from 'https://co.pinterest.com/manifest.json' violates the following Content Security Policy directive: "default-src 'self' blob: s.pinimg.com s1.pinimg.com s2.pinimg.com". Note that 'manifest-src' was not explicitly set, so 'default-src' is used as a fallback. The action has been blocked. @ https://www.pinterest.com/add-account/?next=https://developers.pinterest.com/account-setup/:103
[   99230ms] [ERROR] Loading a manifest from 'https://co.pinterest.com/manifest.json' violates the following Content Security Policy directive: "default-src 'self' blob: s.pinimg.com s1.pinimg.com s2.pinimg.com". Note that 'manifest-src' was not explicitly set, so 'default-src' is used as a fallback. The action has been blocked. @ https://www.pinterest.com/add-account/?next=https://developers.pinterest.com/account-setup/:103
[   99368ms] [ERROR] Loading a manifest from 'https://co.pinterest.com/manifest.json' violates the following Content Security Policy directive: "default-src 'self' blob: s.pinimg.com s1.pinimg.com s2.pinimg.com". Note that 'manifest-src' was not explicitly set, so 'default-src' is used as a fallback. The action has been blocked. @ https://www.pinterest.com/add-account/?next=https://developers.pinterest.com/account-setup/:0
[   99368ms] [ERROR] Loading a manifest from 'https://co.pinterest.com/manifest.json' violates the following Content Security Policy directive: "default-src 'self' blob: s.pinimg.com s1.pinimg.com s2.pinimg.com". Note that 'manifest-src' was not explicitly set, so 'default-src' is used as a fallback. The action has been blocked. @ https://www.pinterest.com/add-account/?next=https://developers.pinterest.com/account-setup/:0
[  105448ms] [VERBOSE] [DOM] Password field is not contained in a form: (More info: https://goo.gl/9p2vKq) %o @ https://www.pinterest.com/create-business:0
[  121455ms] [ERROR] Sending form data to 'https://www.facebook.com/tr/' violates the following Content Security Policy directive: "form-action 'self' *.adyen.com *.klarna.com *.tink.com *.adyenpayments.com". The request has been blocked.
 @ https://connect.facebook.net/:0
[  121456ms] [ERROR] Sending form data to 'https://www.facebook.com/tr/' violates the following Content Security Policy directive: "form-action 'self'". The request has been blocked.
 @ https://connect.facebook.net/:0
[  138780ms] [WARNING] The resource https://i.pinimg.com/236x/11/44/34/114434511e25f358e821adeb1c6bdd72.jpg was preloaded using link preload but not used within a few seconds from the window's load event. Please make sure it has an appropriate `as` value and it is preloaded intentionally. @ https://www.pinterest.com/create-business:0
[  138780ms] [WARNING] The resource https://i.pinimg.com/236x/91/3e/6a/913e6a852dfb8cb71fb7c39d499e6173.jpg was preloaded using link preload but not used within a few seconds from the window's load event. Please make sure it has an appropriate `as` value and it is preloaded intentionally. @ https://www.pinterest.com/create-business:0
[  138780ms] [WARNING] The resource https://i.pinimg.com/236x/74/09/1e/74091eeaf8828f72ce1f9be994fc983a.jpg was preloaded using link preload but not used within a few seconds from the window's load event. Please make sure it has an appropriate `as` value and it is preloaded intentionally. @ https://www.pinterest.com/create-business:0
[  138780ms] [WARNING] The resource https://i.pinimg.com/236x/b5/48/2c/b5482c837f677a02616df1bc46dc4666.jpg was preloaded using link preload but not used within a few seconds from the window's load event. Please make sure it has an appropriate `as` value and it is preloaded intentionally. @ https://www.pinterest.com/create-business:0
[  138780ms] [WARNING] The resource https://i.pinimg.com/236x/c4/a5/e9/c4a5e9badeafedfb63f8a9f2bc8fe012.jpg was preloaded using link preload but not used within a few seconds from the window's load event. Please make sure it has an appropriate `as` value and it is preloaded intentionally. @ https://www.pinterest.com/create-business:0
[  138780ms] [WARNING] The resource https://i.pinimg.com/236x/e3/1f/17/e31f17b45a867a540caac1ee28b0b5b9.jpg was preloaded using link preload but not used within a few seconds from the window's load event. Please make sure it has an appropriate `as` value and it is preloaded intentionally. @ https://www.pinterest.com/create-business:0
[  138780ms] [WARNING] The resource https://i.pinimg.com/236x/f1/e8/4f/f1e84f6313f6056e9504c9688c10049a.jpg was preloaded using link preload but not used within a few seconds from the window's load event. Please make sure it has an appropriate `as` value and it is preloaded intentionally. @ https://www.pinterest.com/create-business:0
[  138780ms] [WARNING] The resource https://i.pinimg.com/236x/6b/9d/a4/6b9da44ea5ae73c60c1b3f1d064120c6.jpg was preloaded using link preload but not used within a few seconds from the window's load event. Please make sure it has an appropriate `as` value and it is preloaded intentionally. @ https://www.pinterest.com/create-business:0
[  138780ms] [WARNING] The resource https://i.pinimg.com/236x/4a/a5/2e/4aa52ea81aee43094ce3e8907abd513c.jpg was preloaded using link preload but not used within a few seconds from the window's load event. Please make sure it has an appropriate `as` value and it is preloaded intentionally. @ https://www.pinterest.com/create-business:0
[  160181ms] [WARNING] The resource https://i.pinimg.com/236x/11/44/34/114434511e25f358e821adeb1c6bdd72.jpg was preloaded using link preload but not used within a few seconds from the window's load event. Please make sure it has an appropriate `as` value and it is preloaded intentionally. @ https://www.pinterest.com/create-business:0
[  160181ms] [WARNING] The resource https://i.pinimg.com/236x/91/3e/6a/913e6a852dfb8cb71fb7c39d499e6173.jpg was preloaded using link preload but not used within a few seconds from the window's load event. Please make sure it has an appropriate `as` value and it is preloaded intentionally. @ https://www.pinterest.com/create-business:0
[  160181ms] [WARNING] The resource https://i.pinimg.com/236x/74/09/1e/74091eeaf8828f72ce1f9be994fc983a.jpg was preloaded using link preload but not used within a few seconds from the window's load event. Please make sure it has an appropriate `as` value and it is preloaded intentionally. @ https://www.pinterest.com/create-business:0
[  160181ms] [WARNING] The resource https://i.pinimg.com/236x/b5/48/2c/b5482c837f677a02616df1bc46dc4666.jpg was preloaded using link preload but not used within a few seconds from the window's load event. Please make sure it has an appropriate `as` value and it is preloaded intentionally. @ https://www.pinterest.com/create-business:0
[  160181ms] [WARNING] The resource https://i.pinimg.com/236x/c4/a5/e9/c4a5e9badeafedfb63f8a9f2bc8fe012.jpg was preloaded using link preload but not used within a few seconds from the window's load event. Please make sure it has an appropriate `as` value and it is preloaded intentionally. @ https://www.pinterest.com/create-business:0
[  160181ms] [WARNING] The resource https://i.pinimg.com/236x/e3/1f/17/e31f17b45a867a540caac1ee28b0b5b9.jpg was preloaded using link preload but not used within a few seconds from the window's load event. Please make sure it has an appropriate `as` value and it is preloaded intentionally. @ https://www.pinterest.com/create-business:0
[  160181ms] [WARNING] The resource https://i.pinimg.com/236x/f1/e8/4f/f1e84f6313f6056e9504c9688c10049a.jpg was preloaded using link preload but not used within a few seconds from the window's load event. Please make sure it has an appropriate `as` value and it is preloaded intentionally. @ https://www.pinterest.com/create-business:0
[  160181ms] [WARNING] The resource https://i.pinimg.com/236x/6b/9d/a4/6b9da44ea5ae73c60c1b3f1d064120c6.jpg was preloaded using link preload but not used within a few seconds from the window's load event. Please make sure it has an appropriate `as` value and it is preloaded intentionally. @ https://www.pinterest.com/create-business:0
[  160181ms] [WARNING] The resource https://i.pinimg.com/236x/4a/a5/2e/4aa52ea81aee43094ce3e8907abd513c.jpg was preloaded using link preload but not used within a few seconds from the window's load event. Please make sure it has an appropriate `as` value and it is preloaded intentionally. @ https://www.pinterest.com/create-business:0
[  163064ms] [ERROR] Sending form data to 'https://www.facebook.com/tr/' violates the following Content Security Policy directive: "form-action 'self' *.adyen.com *.klarna.com *.tink.com *.adyenpayments.com". The request has been blocked.
 @ https://connect.facebook.net/:0
[  163064ms] [ERROR] Sending form data to 'https://www.facebook.com/tr/' violates the following Content Security Policy directive: "form-action 'self'". The request has been blocked.
 @ https://connect.facebook.net/:0
[  166266ms] [WARNING] The resource https://i.pinimg.com/236x/11/44/34/114434511e25f358e821adeb1c6bdd72.jpg was preloaded using link preload but not used within a few seconds from the window's load event. Please make sure it has an appropriate `as` value and it is preloaded intentionally. @ https://www.pinterest.com/create-business:0
[  166266ms] [WARNING] The resource https://i.pinimg.com/236x/91/3e/6a/913e6a852dfb8cb71fb7c39d499e6173.jpg was preloaded using link preload but not used within a few seconds from the window's load event. Please make sure it has an appropriate `as` value and it is preloaded intentionally. @ https://www.pinterest.com/create-business:0
[  166266ms] [WARNING] The resource https://i.pinimg.com/236x/74/09/1e/74091eeaf8828f72ce1f9be994fc983a.jpg was preloaded using link preload but not used within a few seconds from the window's load event. Please make sure it has an appropriate `as` value and it is preloaded intentionally. @ https://www.pinterest.com/create-business:0
[  166266ms] [WARNING] The resource https://i.pinimg.com/236x/b5/48/2c/b5482c837f677a02616df1bc46dc4666.jpg was preloaded using link preload but not used within a few seconds from the window's load event. Please make sure it has an appropriate `as` value and it is preloaded intentionally. @ https://www.pinterest.com/create-business:0
[  166266ms] [WARNING] The resource https://i.pinimg.com/236x/c4/a5/e9/c4a5e9badeafedfb63f8a9f2bc8fe012.jpg was preloaded using link preload but not used within a few seconds from the window's load event. Please make sure it has an appropriate `as` value and it is preloaded intentionally. @ https://www.pinterest.com/create-business:0
[  166266ms] [WARNING] The resource https://i.pinimg.com/236x/e3/1f/17/e31f17b45a867a540caac1ee28b0b5b9.jpg was preloaded using link preload but not used within a few seconds from the window's load event. Please make sure it has an appropriate `as` value and it is preloaded intentionally. @ https://www.pinterest.com/create-business:0
[  166266ms] [WARNING] The resource https://i.pinimg.com/236x/f1/e8/4f/f1e84f6313f6056e9504c9688c10049a.jpg was preloaded using link preload but not used within a few seconds from the window's load event. Please make sure it has an appropriate `as` value and it is preloaded intentionally. @ https://www.pinterest.com/create-business:0
[  166266ms] [WARNING] The resource https://i.pinimg.com/236x/6b/9d/a4/6b9da44ea5ae73c60c1b3f1d064120c6.jpg was preloaded using link preload but not used within a few seconds from the window's load event. Please make sure it has an appropriate `as` value and it is preloaded intentionally. @ https://www.pinterest.com/create-business:0
[  166266ms] [WARNING] The resource https://i.pinimg.com/236x/4a/a5/2e/4aa52ea81aee43094ce3e8907abd513c.jpg was preloaded using link preload but not used within a few seconds from the window's load event. Please make sure it has an appropriate `as` value and it is preloaded intentionally. @ https://www.pinterest.com/create-business:0
[  171118ms] [WARNING] The resource https://i.pinimg.com/236x/11/44/34/114434511e25f358e821adeb1c6bdd72.jpg was preloaded using link preload but not used within a few seconds from the window's load event. Please make sure it has an appropriate `as` value and it is preloaded intentionally. @ https://www.pinterest.com/create-business:0
[  171118ms] [WARNING] The resource https://i.pinimg.com/236x/91/3e/6a/913e6a852dfb8cb71fb7c39d499e6173.jpg was preloaded using link preload but not used within a few seconds from the window's load event. Please make sure it has an appropriate `as` value and it is preloaded intentionally. @ https://www.pinterest.com/create-business:0
[  171118ms] [WARNING] The resource https://i.pinimg.com/236x/74/09/1e/74091eeaf8828f72ce1f9be994fc983a.jpg was preloaded using link preload but not used within a few seconds from the window's load event. Please make sure it has an appropriate `as` value and it is preloaded intentionally. @ https://www.pinterest.com/create-business:0
[  171118ms] [WARNING] The resource https://i.pinimg.com/236x/b5/48/2c/b5482c837f677a02616df1bc46dc4666.jpg was preloaded using link preload but not used within a few seconds from the window's load event. Please make sure it has an appropriate `as` value and it is preloaded intentionally. @ https://www.pinterest.com/create-business:0
[  171118ms] [WARNING] The resource https://i.pinimg.com/236x/c4/a5/e9/c4a5e9badeafedfb63f8a9f2bc8fe012.jpg was preloaded using link preload but not used within a few seconds from the window's load event. Please make sure it has an appropriate `as` value and it is preloaded intentionally. @ https://www.pinterest.com/create-business:0
[  171118ms] [WARNING] The resource https://i.pinimg.com/236x/e3/1f/17/e31f17b45a867a540caac1ee28b0b5b9.jpg was preloaded using link preload but not used within a few seconds from the window's load event. Please make sure it has an appropriate `as` value and it is preloaded intentionally. @ https://www.pinterest.com/create-business:0
[  171118ms] [WARNING] The resource https://i.pinimg.com/236x/f1/e8/4f/f1e84f6313f6056e9504c9688c10049a.jpg was preloaded using link preload but not used within a few seconds from the window's load event. Please make sure it has an appropriate `as` value and it is preloaded intentionally. @ https://www.pinterest.com/create-business:0
[  171118ms] [WARNING] The resource https://i.pinimg.com/236x/6b/9d/a4/6b9da44ea5ae73c60c1b3f1d064120c6.jpg was preloaded using link preload but not used within a few seconds from the window's load event. Please make sure it has an appropriate `as` value and it is preloaded intentionally. @ https://www.pinterest.com/create-business:0
[  171118ms] [WARNING] The resource https://i.pinimg.com/236x/4a/a5/2e/4aa52ea81aee43094ce3e8907abd513c.jpg was preloaded using link preload but not used within a few seconds from the window's load event. Please make sure it has an appropriate `as` value and it is preloaded intentionally. @ https://www.pinterest.com/create-business:0
[  176263ms] [WARNING] The resource https://i.pinimg.com/236x/11/44/34/114434511e25f358e821adeb1c6bdd72.jpg was preloaded using link preload but not used within a few seconds from the window's load event. Please make sure it has an appropriate `as` value and it is preloaded intentionally. @ https://www.pinterest.com/create-business:0
[  176264ms] [WARNING] The resource https://i.pinimg.com/236x/91/3e/6a/913e6a852dfb8cb71fb7c39d499e6173.jpg was preloaded using link preload but not used within a few seconds from the window's load event. Please make sure it has an appropriate `as` value and it is preloaded intentionally. @ https://www.pinterest.com/create-business:0
[  176264ms] [WARNING] The resource https://i.pinimg.com/236x/74/09/1e/74091eeaf8828f72ce1f9be994fc983a.jpg was preloaded using link preload but not used within a few seconds from the window's load event. Please make sure it has an appropriate `as` value and it is preloaded intentionally. @ https://www.pinterest.com/create-business:0
[  176264ms] [WARNING] The resource https://i.pinimg.com/236x/b5/48/2c/b5482c837f677a02616df1bc46dc4666.jpg was preloaded using link preload but not used within a few seconds from the window's load event. Please make sure it has an appropriate `as` value and it is preloaded intentionally. @ https://www.pinterest.com/create-business:0
[  176264ms] [WARNING] The resource https://i.pinimg.com/236x/c4/a5/e9/c4a5e9badeafedfb63f8a9f2bc8fe012.jpg was preloaded using link preload but not used within a few seconds from the window's load event. Please make sure it has an appropriate `as` value and it is preloaded intentionally. @ https://www.pinterest.com/create-business:0
[  176264ms] [WARNING] The resource https://i.pinimg.com/236x/e3/1f/17/e31f17b45a867a540caac1ee28b0b5b9.jpg was preloaded using link preload but not used within a few seconds from the window's load event. Please make sure it has an appropriate `as` value and it is preloaded intentionally. @ https://www.pinterest.com/create-business:0
[  176264ms] [WARNING] The resource https://i.pinimg.com/236x/f1/e8/4f/f1e84f6313f6056e9504c9688c10049a.jpg was preloaded using link preload but not used within a few seconds from the window's load event. Please make sure it has an appropriate `as` value and it is preloaded intentionally. @ https://www.pinterest.com/create-business:0
[  176264ms] [WARNING] The resource https://i.pinimg.com/236x/6b/9d/a4/6b9da44ea5ae73c60c1b3f1d064120c6.jpg was preloaded using link preload but not used within a few seconds from the window's load event. Please make sure it has an appropriate `as` value and it is preloaded intentionally. @ https://www.pinterest.com/create-business:0
[  176264ms] [WARNING] The resource https://i.pinimg.com/236x/4a/a5/2e/4aa52ea81aee43094ce3e8907abd513c.jpg was preloaded using link preload but not used within a few seconds from the window's load event. Please make sure it has an appropriate `as` value and it is preloaded intentionally. @ https://www.pinterest.com/create-business:0
[  181167ms] [WARNING] The resource https://i.pinimg.com/236x/11/44/34/114434511e25f358e821adeb1c6bdd72.jpg was preloaded using link preload but not used within a few seconds from the window's load event. Please make sure it has an appropriate `as` value and it is preloaded intentionally. @ https://www.pinterest.com/create-business:0
[  181167ms] [WARNING] The resource https://i.pinimg.com/236x/91/3e/6a/913e6a852dfb8cb71fb7c39d499e6173.jpg was preloaded using link preload but not used within a few seconds from the window's load event. Please make sure it has an appropriate `as` value and it is preloaded intentionally. @ https://www.pinterest.com/create-business:0
[  181167ms] [WARNING] The resource https://i.pinimg.com/236x/74/09/1e/74091eeaf8828f72ce1f9be994fc983a.jpg was preloaded using link preload but not used within a few seconds from the window's load event. Please make sure it has an appropriate `as` value and it is preloaded intentionally. @ https://www.pinterest.com/create-business:0
[  181167ms] [WARNING] The resource https://i.pinimg.com/236x/b5/48/2c/b5482c837f677a02616df1bc46dc4666.jpg was preloaded using link preload but not used within a few seconds from the window's load event. Please make sure it has an appropriate `as` value and it is preloaded intentionally. @ https://www.pinterest.com/create-business:0
[  181167ms] [WARNING] The resource https://i.pinimg.com/236x/c4/a5/e9/c4a5e9badeafedfb63f8a9f2bc8fe012.jpg was preloaded using link preload but not used within a few seconds from the window's load event. Please make sure it has an appropriate `as` value and it is preloaded intentionally. @ https://www.pinterest.com/create-business:0
[  181167ms] [WARNING] The resource https://i.pinimg.com/236x/e3/1f/17/e31f17b45a867a540caac1ee28b0b5b9.jpg was preloaded using link preload but not used within a few seconds from the window's load event. Please make sure it has an appropriate `as` value and it is preloaded intentionally. @ https://www.pinterest.com/create-business:0
[  181167ms] [WARNING] The resource https://i.pinimg.com/236x/f1/e8/4f/f1e84f6313f6056e9504c9688c10049a.jpg was preloaded using link preload but not used within a few seconds from the window's load event. Please make sure it has an appropriate `as` value and it is preloaded intentionally. @ https://www.pinterest.com/create-business:0
[  181167ms] [WARNING] The resource https://i.pinimg.com/236x/6b/9d/a4/6b9da44ea5ae73c60c1b3f1d064120c6.jpg was preloaded using link preload but not used within a few seconds from the window's load event. Please make sure it has an appropriate `as` value and it is preloaded intentionally. @ https://www.pinterest.com/create-business:0
[  181167ms] [WARNING] The resource https://i.pinimg.com/236x/4a/a5/2e/4aa52ea81aee43094ce3e8907abd513c.jpg was preloaded using link preload but not used within a few seconds from the window's load event. Please make sure it has an appropriate `as` value and it is preloaded intentionally. @ https://www.pinterest.com/create-business:0
[  211127ms] [ERROR] Sending form data to 'https://www.facebook.com/tr/' violates the following Content Security Policy directive: "form-action 'self' *.adyen.com *.klarna.com *.tink.com *.adyenpayments.com". The request has been blocked.
 @ https://connect.facebook.net/:0
[  211127ms] [ERROR] Sending form data to 'https://www.facebook.com/tr/' violates the following Content Security Policy directive: "form-action 'self'". The request has been blocked.
 @ https://connect.facebook.net/:0
[  215201ms] [WARNING] The resource https://i.pinimg.com/236x/11/44/34/114434511e25f358e821adeb1c6bdd72.jpg was preloaded using link preload but not used within a few seconds from the window's load event. Please make sure it has an appropriate `as` value and it is preloaded intentionally. @ https://www.pinterest.com/create-business:0
[  215201ms] [WARNING] The resource https://i.pinimg.com/236x/91/3e/6a/913e6a852dfb8cb71fb7c39d499e6173.jpg was preloaded using link preload but not used within a few seconds from the window's load event. Please make sure it has an appropriate `as` value and it is preloaded intentionally. @ https://www.pinterest.com/create-business:0
[  215201ms] [WARNING] The resource https://i.pinimg.com/236x/74/09/1e/74091eeaf8828f72ce1f9be994fc983a.jpg was preloaded using link preload but not used within a few seconds from the window's load event. Please make sure it has an appropriate `as` value and it is preloaded intentionally. @ https://www.pinterest.com/create-business:0
[  215201ms] [WARNING] The resource https://i.pinimg.com/236x/b5/48/2c/b5482c837f677a02616df1bc46dc4666.jpg was preloaded using link preload but not used within a few seconds from the window's load event. Please make sure it has an appropriate `as` value and it is preloaded intentionally. @ https://www.pinterest.com/create-business:0
[  215201ms] [WARNING] The resource https://i.pinimg.com/236x/c4/a5/e9/c4a5e9badeafedfb63f8a9f2bc8fe012.jpg was preloaded using link preload but not used within a few seconds from the window's load event. Please make sure it has an appropriate `as` value and it is preloaded intentionally. @ https://www.pinterest.com/create-business:0
[  215201ms] [WARNING] The resource https://i.pinimg.com/236x/e3/1f/17/e31f17b45a867a540caac1ee28b0b5b9.jpg was preloaded using link preload but not used within a few seconds from the window's load event. Please make sure it has an appropriate `as` value and it is preloaded intentionally. @ https://www.pinterest.com/create-business:0
[  215201ms] [WARNING] The resource https://i.pinimg.com/236x/f1/e8/4f/f1e84f6313f6056e9504c9688c10049a.jpg was preloaded using link preload but not used within a few seconds from the window's load event. Please make sure it has an appropriate `as` value and it is preloaded intentionally. @ https://www.pinterest.com/create-business:0
[  215201ms] [WARNING] The resource https://i.pinimg.com/236x/6b/9d/a4/6b9da44ea5ae73c60c1b3f1d064120c6.jpg was preloaded using link preload but not used within a few seconds from the window's load event. Please make sure it has an appropriate `as` value and it is preloaded intentionally. @ https://www.pinterest.com/create-business:0
[  215201ms] [WARNING] The resource https://i.pinimg.com/236x/4a/a5/2e/4aa52ea81aee43094ce3e8907abd513c.jpg was preloaded using link preload but not used within a few seconds from the window's load event. Please make sure it has an appropriate `as` value and it is preloaded intentionally. @ https://www.pinterest.com/create-business:0
[  220077ms] [WARNING] The resource https://i.pinimg.com/236x/11/44/34/114434511e25f358e821adeb1c6bdd72.jpg was preloaded using link preload but not used within a few seconds from the window's load event. Please make sure it has an appropriate `as` value and it is preloaded intentionally. @ https://www.pinterest.com/create-business:0
[  220077ms] [WARNING] The resource https://i.pinimg.com/236x/91/3e/6a/913e6a852dfb8cb71fb7c39d499e6173.jpg was preloaded using link preload but not used within a few seconds from the window's load event. Please make sure it has an appropriate `as` value and it is preloaded intentionally. @ https://www.pinterest.com/create-business:0
[  220077ms] [WARNING] The resource https://i.pinimg.com/236x/74/09/1e/74091eeaf8828f72ce1f9be994fc983a.jpg was preloaded using link preload but not used within a few seconds from the window's load event. Please make sure it has an appropriate `as` value and it is preloaded intentionally. @ https://www.pinterest.com/create-business:0
[  220077ms] [WARNING] The resource https://i.pinimg.com/236x/b5/48/2c/b5482c837f677a02616df1bc46dc4666.jpg was preloaded using link preload but not used within a few seconds from the window's load event. Please make sure it has an appropriate `as` value and it is preloaded intentionally. @ https://www.pinterest.com/create-business:0
[  220077ms] [WARNING] The resource https://i.pinimg.com/236x/c4/a5/e9/c4a5e9badeafedfb63f8a9f2bc8fe012.jpg was preloaded using link preload but not used within a few seconds from the window's load event. Please make sure it has an appropriate `as` value and it is preloaded intentionally. @ https://www.pinterest.com/create-business:0
[  220077ms] [WARNING] The resource https://i.pinimg.com/236x/e3/1f/17/e31f17b45a867a540caac1ee28b0b5b9.jpg was preloaded using link preload but not used within a few seconds from the window's load event. Please make sure it has an appropriate `as` value and it is preloaded intentionally. @ https://www.pinterest.com/create-business:0
[  220077ms] [WARNING] The resource https://i.pinimg.com/236x/f1/e8/4f/f1e84f6313f6056e9504c9688c10049a.jpg was preloaded using link preload but not used within a few seconds from the window's load event. Please make sure it has an appropriate `as` value and it is preloaded intentionally. @ https://www.pinterest.com/create-business:0
[  220077ms] [WARNING] The resource https://i.pinimg.com/236x/6b/9d/a4/6b9da44ea5ae73c60c1b3f1d064120c6.jpg was preloaded using link preload but not used within a few seconds from the window's load event. Please make sure it has an appropriate `as` value and it is preloaded intentionally. @ https://www.pinterest.com/create-business:0
[  220077ms] [WARNING] The resource https://i.pinimg.com/236x/4a/a5/2e/4aa52ea81aee43094ce3e8907abd513c.jpg was preloaded using link preload but not used within a few seconds from the window's load event. Please make sure it has an appropriate `as` value and it is preloaded intentionally. @ https://www.pinterest.com/create-business:0
[  230090ms] [WARNING] The resource https://i.pinimg.com/236x/11/44/34/114434511e25f358e821adeb1c6bdd72.jpg was preloaded using link preload but not used within a few seconds from the window's load event. Please make sure it has an appropriate `as` value and it is preloaded intentionally. @ https://www.pinterest.com/create-business:0
[  230090ms] [WARNING] The resource https://i.pinimg.com/236x/91/3e/6a/913e6a852dfb8cb71fb7c39d499e6173.jpg was preloaded using link preload but not used within a few seconds from the window's load event. Please make sure it has an appropriate `as` value and it is preloaded intentionally. @ https://www.pinterest.com/create-business:0
[  230090ms] [WARNING] The resource https://i.pinimg.com/236x/74/09/1e/74091eeaf8828f72ce1f9be994fc983a.jpg was preloaded using link preload but not used within a few seconds from the window's load event. Please make sure it has an appropriate `as` value and it is preloaded intentionally. @ https://www.pinterest.com/create-business:0
[  230090ms] [WARNING] The resource https://i.pinimg.com/236x/b5/48/2c/b5482c837f677a02616df1bc46dc4666.jpg was preloaded using link preload but not used within a few seconds from the window's load event. Please make sure it has an appropriate `as` value and it is preloaded intentionally. @ https://www.pinterest.com/create-business:0
[  230090ms] [WARNING] The resource https://i.pinimg.com/236x/c4/a5/e9/c4a5e9badeafedfb63f8a9f2bc8fe012.jpg was preloaded using link preload but not used within a few seconds from the window's load event. Please make sure it has an appropriate `as` value and it is preloaded intentionally. @ https://www.pinterest.com/create-business:0
[  230090ms] [WARNING] The resource https://i.pinimg.com/236x/e3/1f/17/e31f17b45a867a540caac1ee28b0b5b9.jpg was preloaded using link preload but not used within a few seconds from the window's load event. Please make sure it has an appropriate `as` value and it is preloaded intentionally. @ https://www.pinterest.com/create-business:0
[  230090ms] [WARNING] The resource https://i.pinimg.com/236x/f1/e8/4f/f1e84f6313f6056e9504c9688c10049a.jpg was preloaded using link preload but not used within a few seconds from the window's load event. Please make sure it has an appropriate `as` value and it is preloaded intentionally. @ https://www.pinterest.com/create-business:0
[  230090ms] [WARNING] The resource https://i.pinimg.com/236x/6b/9d/a4/6b9da44ea5ae73c60c1b3f1d064120c6.jpg was preloaded using link preload but not used within a few seconds from the window's load event. Please make sure it has an appropriate `as` value and it is preloaded intentionally. @ https://www.pinterest.com/create-business:0
[  230090ms] [WARNING] The resource https://i.pinimg.com/236x/4a/a5/2e/4aa52ea81aee43094ce3e8907abd513c.jpg was preloaded using link preload but not used within a few seconds from the window's load event. Please make sure it has an appropriate `as` value and it is preloaded intentionally. @ https://www.pinterest.com/create-business:0
[  231252ms] [ERROR] Sending form data to 'https://www.facebook.com/tr/' violates the following Content Security Policy directive: "form-action 'self' *.adyen.com *.klarna.com *.tink.com *.adyenpayments.com". The request has been blocked.
 @ https://connect.facebook.net/:0
[  231252ms] [ERROR] Sending form data to 'https://www.facebook.com/tr/' violates the following Content Security Policy directive: "form-action 'self'". The request has been blocked.
 @ https://connect.facebook.net/:0
[  237017ms] [ERROR] Loading a manifest from 'https://co.pinterest.com/manifest.json' violates the following Content Security Policy directive: "default-src 'self' blob: s.pinimg.com s1.pinimg.com s2.pinimg.com". Note that 'manifest-src' was not explicitly set, so 'default-src' is used as a fallback. The action has been blocked. @ https://www.pinterest.com/:0
[  237017ms] [ERROR] Loading a manifest from 'https://co.pinterest.com/manifest.json' violates the following Content Security Policy directive: "default-src 'self' blob: s.pinimg.com s1.pinimg.com s2.pinimg.com". Note that 'manifest-src' was not explicitly set, so 'default-src' is used as a fallback. The action has been blocked. @ https://www.pinterest.com/:0
[  237706ms] [ERROR] Loading a manifest from 'https://co.pinterest.com/manifest.json' violates the following Content Security Policy directive: "default-src 'self' blob: s.pinimg.com s1.pinimg.com s2.pinimg.com". Note that 'manifest-src' was not explicitly set, so 'default-src' is used as a fallback. The action has been blocked. @ https://www.pinterest.com/:0
[  237706ms] [ERROR] Loading a manifest from 'https://co.pinterest.com/manifest.json' violates the following Content Security Policy directive: "default-src 'self' blob: s.pinimg.com s1.pinimg.com s2.pinimg.com". Note that 'manifest-src' was not explicitly set, so 'default-src' is used as a fallback. The action has been blocked. @ https://www.pinterest.com/:0
[  237706ms] [ERROR] Loading a manifest from 'https://co.pinterest.com/manifest.json' violates the following Content Security Policy directive: "default-src 'self' blob: s.pinimg.com s1.pinimg.com s2.pinimg.com". Note that 'manifest-src' was not explicitly set, so 'default-src' is used as a fallback. The action has been blocked. @ https://www.pinterest.com/:0
[  238045ms] [ERROR] Unexpected hydration error Minified React error #418; visit https://react.dev/errors/418?args[]=text&args[]= for the full message or use the non-minified dev environment for full errors and additional helpful warnings. 
    at h1 (<anonymous>)
    at o (https://s.pinimg.com/webapp/gestalt-884d33817302ad5c.mjs:2:291880)
    at div (<anonymous>)
    at r (https://s.pinimg.com/webapp/gestalt-884d33817302ad5c.mjs:1:64017)
    at div (<anonymous>)
    at g (https://s.pinimg.com/webapp/gestalt-884d33817302ad5c.mjs:1:162550)
    at div (<anonymous>)
    at r (https://s.pinimg.com/webapp/gestalt-884d33817302ad5c.mjs:1:64017)
    at div (<anonymous>)
    at u (https://s.pinimg.com/webapp/gestalt-884d33817302ad5c.mjs:2:270456)
    at div (<anonymous>)
    at r (https://s.pinimg.com/webapp/gestalt-884d33817302ad5c.mjs:1:64017)
    at oM (https://s.pinimg.com/webapp/ProPartnerHeaderDesktop.es_ES-d7a0ac8833437e3e.mjs:2:543048)
    at tY (https://s.pinimg.com/webapp/ProPartnerHeaderDesktop.es_ES-d7a0ac8833437e3e.mjs:2:453320)
    at tV (https://s.pinimg.com/webapp/ProPartnerHeaderDesktop.es_ES-d7a0ac8833437e3e.mjs:2:451660)
    at tK (https://s.pinimg.com/webapp/ProPartnerHeaderDesktop.es_ES-d7a0ac8833437e3e.mjs:2:452456)
    at div (<anonymous>)
    at r (https://s.pinimg.com/webapp/gestalt-884d33817302ad5c.mjs:1:64017)
    at div (<anonymous>)
    at r (https://s.pinimg.com/webapp/gestalt-884d33817302ad5c.mjs:1:64017)
    at div (<anonymous>)
    at r (https://s.pinimg.com/webapp/gestalt-884d33817302ad5c.mjs:1:64017)
    at div (<anonymous>)
    at r (https://s.pinimg.com/webapp/gestalt-884d33817302ad5c.mjs:1:64017)
    at div (<anonymous>)
    at r (https://s.pinimg.com/webapp/gestalt-884d33817302ad5c.mjs:1:64017)
    at oK (https://s.pinimg.com/webapp/ProPartnerHeaderDesktop.es_ES-d7a0ac8833437e3e.mjs:2:553089)
    at div (<anonymous>)
    at r (https://s.pinimg.com/webapp/gestalt-884d33817302ad5c.mjs:1:64017)
    at oX (https://s.pinimg.com/webapp/ProPartnerHeaderDesktop.es_ES-d7a0ac8833437e3e.mjs:2:553885)
    at oJ (https://s.pinimg.com/webapp/ProPartnerHeaderDesktop.es_ES-d7a0ac8833437e3e.mjs:2:557096)
    at Suspense (<anonymous>)
    at h (https://s.pinimg.com/webapp/75234-17d99b60b07560a9.mjs:5:60153)
    at ax (https://s.pinimg.com/webapp/www/_client.es_ES-4ec8653b7450c35f.mjs:236:31991)
    at div (<anonymous>)
    at r (https://s.pinimg.com/webapp/gestalt-884d33817302ad5c.mjs:1:64017)
    at div (<anonymous>)
    at r (https://s.pinimg.com/webapp/gestalt-884d33817302ad5c.mjs:1:64017)
    at ay (https://s.pinimg.com/webapp/www/_client.es_ES-4ec8653b7450c35f.mjs:236:32138)
    at i (https://s.pinimg.com/webapp/30132.es_ES-bb7d11d9e5c51185.mjs:1:3315)
    at div (<anonymous>)
    at r (https://s.pinimg.com/webapp/gestalt-884d33817302ad5c.mjs:1:64017)
    at div (<anonymous>)
    at r (https://s.pinimg.com/webapp/gestalt-884d33817302ad5c.mjs:1:64017)
    at div (<anonymous>)
    at r (https://s.pinimg.com/webapp/gestalt-884d33817302ad5c.mjs:1:64017)
    at A (https://s.pinimg.com/webapp/www/_client.es_ES-4ec8653b7450c35f.mjs:225:110161)
    at l (https://s.pinimg.com/webapp/www/_client.es_ES-4ec8653b7450c35f.mjs:225:109961)
    at i (https://s.pinimg.com/webapp/www/_client.es_ES-4ec8653b7450c35f.mjs:225:182471)
    at d (https://s.pinimg.com/webapp/www/_client.es_ES-4ec8653b7450c35f.mjs:225:182840)
    at i (https://s.pinimg.com/webapp/www/_client.es_ES-4ec8653b7450c35f.mjs:1:19030)
    at aH (https://s.pinimg.com/webapp/www/_client.es_ES-4ec8653b7450c35f.mjs:236:34516)
    at d (https://s.pinimg.com/webapp/www/_client.es_ES-4ec8653b7450c35f.mjs:225:64846)
    at aV (https://s.pinimg.com/webapp/www/_client.es_ES-4ec8653b7450c35f.mjs:236:35055)
    at i (https://s.pinimg.com/webapp/www/_client.es_ES-4ec8653b7450c35f.mjs:225:68203)
    at l (https://s.pinimg.com/webapp/www/_client.es_ES-4ec8653b7450c35f.mjs:1:38191)
    at d (https://s.pinimg.com/webapp/www/_client.es_ES-4ec8653b7450c35f.mjs:1:21644)
    at p (https://s.pinimg.com/webapp/www/_client.es_ES-4ec8653b7450c35f.mjs:225:159196)
    at tk (https://s.pinimg.com/webapp/www/_client.es_ES-4ec8653b7450c35f.mjs:236:44266)
    at i (https://s.pinimg.com/webapp/www/_client.es_ES-4ec8653b7450c35f.mjs:225:59694)
    at I (https://s.pinimg.com/webapp/97167.es_ES-9a3b60025ecb6056.mjs:1:39010)
    at ac (https://s.pinimg.com/webapp/www/_client.es_ES-4ec8653b7450c35f.mjs:236:27130)
    at nj (https://s.pinimg.com/webapp/www/_client.es_ES-4ec8653b7450c35f.mjs:273:1237)
    at div (<anonymous>)
    at r (https://s.pinimg.com/webapp/gestalt-884d33817302ad5c.mjs:1:64017)
    at se (https://s.pinimg.com/webapp/www/_client.es_ES-4ec8653b7450c35f.mjs:273:33091)
    at o (https://s.pinimg.com/webapp/38019.es_ES-5710fd528f35369f.mjs:1:117304)
    at l (https://s.pinimg.com/webapp/www/_client.es_ES-4ec8653b7450c35f.mjs:225:107500)
    at s (https://s.pinimg.com/webapp/www/_client.es_ES-4ec8653b7450c35f.mjs:225:188933)
    at i (https://s.pinimg.com/webapp/www/_client.es_ES-4ec8653b7450c35f.mjs:225:186923)
    at l (https://s.pinimg.com/webapp/www/_client.es_ES-4ec8653b7450c35f.mjs:225:1666)
    at lO (https://s.pinimg.com/webapp/www/_client.es_ES-4ec8653b7450c35f.mjs:273:55548)
    at p (https://s.pinimg.com/webapp/92496-eaf7777fd05ff8f5.mjs:1:93831)
    at C (https://s.pinimg.com/webapp/www/_client.es_ES-4ec8653b7450c35f.mjs:218:108609)
    at l (https://s.pinimg.com/webapp/6204.es_ES-afb36a1b62e65d85.mjs:1:21926)
    at lH (https://s.pinimg.com/webapp/www/_client.es_ES-4ec8653b7450c35f.mjs:273:56578)
    at lK (https://s.pinimg.com/webapp/www/_client.es_ES-4ec8653b7450c35f.mjs:273:58388)
    at s5 (https://s.pinimg.com/webapp/www/_client.es_ES-4ec8653b7450c35f.mjs:273:43585)
    at iv (https://s.pinimg.com/webapp/www/_client.es_ES-4ec8653b7450c35f.mjs:273:68634)
    at l_ (https://s.pinimg.com/webapp/www/_client.es_ES-4ec8653b7450c35f.mjs:273:52373)
    at d (https://s.pinimg.com/webapp/70015.es_ES-d803ddc1b417f4cc.mjs:24:81063)
    at o (https://s.pinimg.com/webapp/6204.es_ES-afb36a1b62e65d85.mjs:1:19100)
    at u (https://s.pinimg.com/webapp/www/_client.es_ES-4ec8653b7450c35f.mjs:225:76584)
    at c (https://s.pinimg.com/webapp/www/_client.es_ES-4ec8653b7450c35f.mjs:225:105851)
    at l (https://s.pinimg.com/webapp/www/_client.es_ES-4ec8653b7450c35f.mjs:225:86772)
    at l (https://s.pinimg.com/webapp/www/_client.es_ES-4ec8653b7450c35f.mjs:15:14569)
    at l (https://s.pinimg.com/webapp/www/_client.es_ES-4ec8653b7450c35f.mjs:225:108585)
    at u (https://s.pinimg.com/webapp/www/_client.es_ES-4ec8653b7450c35f.mjs:225:71423)
    at xD (https://s.pinimg.com/webapp/6204.es_ES-afb36a1b62e65d85.mjs:1:12504)
    at _ (https://s.pinimg.com/webapp/www/_client.es_ES-4ec8653b7450c35f.mjs:225:5271)
    at u (https://s.pinimg.com/webapp/www/_client.es_ES-4ec8653b7450c35f.mjs:218:178191)
    at p (https://s.pinimg.com/webapp/www/_client.es_ES-4ec8653b7450c35f.mjs:218:302585)
    at g (https://s.pinimg.com/webapp/www/_client.es_ES-4ec8653b7450c35f.mjs:225:85747)
    at u (https://s.pinimg.com/webapp/www/_client.es_ES-4ec8653b7450c35f.mjs:225:240239)
    at i (https://s.pinimg.com/webapp/www/_client.es_ES-4ec8653b7450c35f.mjs:225:74306)
    at lb (https://s.pinimg.com/webapp/www/_client.es_ES-4ec8653b7450c35f.mjs:273:51799)
    at la (https://s.pinimg.com/webapp/www/_client.es_ES-4ec8653b7450c35f.mjs:273:46034)
    at l (https://s.pinimg.com/webapp/www/_client.es_ES-4ec8653b7450c35f.mjs:225:1666)
    at iR (https://s.pinimg.com/webapp/www/_client.es_ES-4ec8653b7450c35f.mjs:273:69329)
    at _ (https://s.pinimg.com/webapp/www/_client.es_ES-4ec8653b7450c35f.mjs:1:28265)
    at a (https://s.pinimg.com/webapp/www/_client.es_ES-4ec8653b7450c35f.mjs:218:301113)
    at S (https://s.pinimg.com/webapp/6204.es_ES-afb36a1b62e65d85.mjs:1:24064)
    at y (https://s.pinimg.com/webapp/6204.es_ES-afb36a1b62e65d85.mjs:1:23414)
    at hP (https://s.pinimg.com/webapp/6204.es_ES-afb36a1b62e65d85.mjs:1:28277)
    at b (https://s.pinimg.com/webapp/www/_client.es_ES-4ec8653b7450c35f.mjs:225:11399)
    at i (https://s.pinimg.com/webapp/www/_client.es_ES-4ec8653b7450c35f.mjs:225:75941)
    at u (https://s.pinimg.com/webapp/www/_client.es_ES-4ec8653b7450c35f.mjs:1:23448)
    at d (https://s.pinimg.com/webapp/6204.es_ES-afb36a1b62e65d85.mjs:1:20081)
    at _ (https://s.pinimg.com/webapp/www/_client.es_ES-4ec8653b7450c35f.mjs:1:24266)
    at x (https://s.pinimg.com/webapp/97167.es_ES-9a3b60025ecb6056.mjs:1:1599)
    at M (https://s.pinimg.com/webapp/30132.es_ES-bb7d11d9e5c51185.mjs:1:23650)
    at h (https://s.pinimg.com/webapp/www/_client.es_ES-4ec8653b7450c35f.mjs:1:54044)
    at u (https://s.pinimg.com/webapp/www/_client.es_ES-4ec8653b7450c35f.mjs:225:72958)
    at d (https://s.pinimg.com/webapp/www/_client.es_ES-4ec8653b7450c35f.mjs:225:84760)
    at b (https://s.pinimg.com/webapp/www/_client.es_ES-4ec8653b7450c35f.mjs:225:75125)
    at u (https://s.pinimg.com/webapp/www/_client.es_ES-4ec8653b7450c35f.mjs:225:243638)
    at is (https://s.pinimg.com/webapp/www/_client.es_ES-4ec8653b7450c35f.mjs:273:67485)
    at m (https://s.pinimg.com/webapp/www/_client.es_ES-4ec8653b7450c35f.mjs:225:82934)
    at d (https://s.pinimg.com/webapp/70015.es_ES-d803ddc1b417f4cc.mjs:24:72547)
    at it (https://s.pinimg.com/webapp/www/_client.es_ES-4ec8653b7450c35f.mjs:273:64486)
    at ip (https://s.pinimg.com/webapp/www/_client.es_ES-4ec8653b7450c35f.mjs:273:67783)
    at x (https://s.pinimg.com/webapp/www/_client.es_ES-4ec8653b7450c35f.mjs:218:115459)
    at R (https://s.pinimg.com/webapp/www/_client.es_ES-4ec8653b7450c35f.mjs:1:31837)
    at sy (https://s.pinimg.com/webapp/www/_client.es_ES-4ec8653b7450c35f.mjs:273:38677)
    at sx (https://s.pinimg.com/webapp/www/_client.es_ES-4ec8653b7450c35f.mjs:273:38161)
    at p4 (https://s.pinimg.com/webapp/www/_client.es_ES-4ec8653b7450c35f.mjs:218:295820)
    at sw (https://s.pinimg.com/webapp/www/_client.es_ES-4ec8653b7450c35f.mjs:273:38928)
    at sZ (https://s.pinimg.com/webapp/www/_client.es_ES-4ec8653b7450c35f.mjs:273:42986)
    at i (https://s.pinimg.com/webapp/30132.es_ES-bb7d11d9e5c51185.mjs:1:3315)
    at iL (https://s.pinimg.com/webapp/www/_client.es_ES-4ec8653b7450c35f.mjs:273:71065)
    at iM (https://s.pinimg.com/webapp/www/_client.es_ES-4ec8653b7450c35f.mjs:273:87167)
    at root (https://s.pinimg.com/webapp/www/_client.es_ES-4ec8653b7450c35f.mjs:277:252205)
    at m (https://s.pinimg.com/webapp/70015.es_ES-d803ddc1b417f4cc.mjs:21:6394)
    at om (https://s.pinimg.com/webapp/www/_client.es_ES-4ec8653b7450c35f.mjs:236:1180)
    at ol (https://s.pinimg.com/webapp/www/_client.es_ES-4ec8653b7450c35f.mjs:236:577)
    at or (https://s.pinimg.com/webapp/www/_client.es_ES-4ec8653b7450c35f.mjs:230:1092)
    at e8 (https://s.pinimg.com/webapp/70015.es_ES-d803ddc1b417f4cc.mjs:24:56443)
    at l (https://s.pinimg.com/webapp/75234-17d99b60b07560a9.mjs:2:6133)
    at rR (https://s.pinimg.com/webapp/www/_client.es_ES-4ec8653b7450c35f.mjs:236:19083)
    at rT (https://s.pinimg.com/webapp/www/_client.es_ES-4ec8653b7450c35f.mjs:236:18778)
    at b (https://s.pinimg.com/webapp/www/_client.es_ES-4ec8653b7450c35f.mjs:225:81234)
    at l (https://s.pinimg.com/webapp/97167.es_ES-9a3b60025ecb6056.mjs:1:44405)
    at u (https://s.pinimg.com/webapp/6204.es_ES-afb36a1b62e65d85.mjs:1:21185)
    at g (https://s.pinimg.com/webapp/vendor-react-6a01d76cbe450e04.mjs:11:8712)
    at h (https://s.pinimg.com/webapp/55981-850eb9c8d95e94bf.mjs:1:10446)
    at i (https://s.pinimg.com/webapp/www/_client.es_ES-4ec8653b7450c35f.mjs:1:78407)
    at c (https://s.pinimg.com/webapp/75234-17d99b60b07560a9.mjs:2:6424)
    at r (https://s.pinimg.com/webapp/gestalt-884d33817302ad5c.mjs:7:704)
    at oN (https://s.pinimg.com/webapp/www/_client.es_ES-4ec8653b7450c35f.mjs:236:6551)
    at O (https://s.pinimg.com/webapp/30132.es_ES-bb7d11d9e5c51185.mjs:1:19101)
    at u (https://s.pinimg.com/webapp/www/_client.es_ES-4ec8653b7450c35f.mjs:1:77948)
    at o (https://s.pinimg.com/webapp/gestalt-884d33817302ad5c.mjs:2:377167)
    at i (https://s.pinimg.com/webapp/www/_client.es_ES-4ec8653b7450c35f.mjs:218:50424)
    at U (https://s.pinimg.com/webapp/gestalt-884d33817302ad5c.mjs:2:378434)
    at c (https://s.pinimg.com/webapp/gestalt-884d33817302ad5c.mjs:2:371168)
    at oS (https://s.pinimg.com/webapp/www/_client.es_ES-4ec8653b7450c35f.mjs:236:5296)
    at oI (https://s.pinimg.com/webapp/www/_client.es_ES-4ec8653b7450c35f.mjs:236:6137)
    at o (https://s.pinimg.com/webapp/gestalt-884d33817302ad5c.mjs:7:211)
    at ox (https://s.pinimg.com/webapp/www/_client.es_ES-4ec8653b7450c35f.mjs:236:5848)
    at rv (https://s.pinimg.com/webapp/www/_client.es_ES-4ec8653b7450c35f.mjs:236:15244)
    at I (https://s.pinimg.com/webapp/97167.es_ES-9a3b60025ecb6056.mjs:1:11169)
    at rA (https://s.pinimg.com/webapp/www/_client.es_ES-4ec8653b7450c35f.mjs:236:17051)
    at ra (https://s.pinimg.com/webapp/www/_client.es_ES-4ec8653b7450c35f.mjs:236:14089)
    at rk (https://s.pinimg.com/webapp/www/_client.es_ES-4ec8653b7450c35f.mjs:236:17393)
    at t (https://s.pinimg.com/webapp/locale-es_ES-LocaleDataLoader-6dd309aef53f8e8c.mjs:1:123)
    at Suspense (<anonymous>)
    at h (https://s.pinimg.com/webapp/75234-17d99b60b07560a9.mjs:5:59444)
    at oZ (https://s.pinimg.com/webapp/www/_client.es_ES-4ec8653b7450c35f.mjs:236:11411)
    at rx (https://s.pinimg.com/webapp/www/_client.es_ES-4ec8653b7450c35f.mjs:236:17910)
    at rC (https://s.pinimg.com/webapp/www/_client.es_ES-4ec8653b7450c35f.mjs:236:21329)
    at iU (https://s.pinimg.com/webapp/www/_client.es_ES-4ec8653b7450c35f.mjs:273:86822)
    at reduxProvider (https://s.pinimg.com/webapp/www/_client.es_ES-4ec8653b7450c35f.mjs:277:251994)
    at https://s.pinimg.com/webapp/www/_client.es_ES-4ec8653b7450c35f.mjs:277:235665
    at gw (https://s.pinimg.com/webapp/www/_client.es_ES-4ec8653b7450c35f.mjs:277:204463)
    at gI (https://s.pinimg.com/webapp/www/_client.es_ES-4ec8653b7450c35f.mjs:277:204541)
    at gl (https://s.pinimg.com/webapp/www/_client.es_ES-4ec8653b7450c35f.mjs:277:201250)
    at v (https://s.pinimg.com/webapp/www/_client.es_ES-4ec8653b7450c35f.mjs:277:253013)
    at p (https://s.pinimg.com/webapp/75234-17d99b60b07560a9.mjs:5:26645)
    at https://s.pinimg.com/webapp/vendor-react-6a01d76cbe450e04.mjs:9:69109
    at s (https://s.pinimg.com/webapp/6204.es_ES-afb36a1b62e65d85.mjs:1:31741)
    at _ (https://s.pinimg.com/webapp/75234-17d99b60b07560a9.mjs:5:10612)
    at gi (https://s.pinimg.com/webapp/www/_client.es_ES-4ec8653b7450c35f.mjs:277:201857)
    at t_ (https://s.pinimg.com/webapp/vendor-react-6a01d76cbe450e04.mjs:14:6356)
    at tm (https://s.pinimg.com/webapp/vendor-react-6a01d76cbe450e04.mjs:14:4339)
    at https://s.pinimg.com/webapp/vendor-react-6a01d76cbe450e04.mjs:14:12507
    at tj (https://s.pinimg.com/webapp/vendor-react-6a01d76cbe450e04.mjs:14:13495)
    at tL (https://s.pinimg.com/webapp/vendor-react-6a01d76cbe450e04.mjs:14:8882)
    at Suspense (<anonymous>) @ https://s.pinimg.com/webapp/www/_client.es_ES-4ec8653b7450c35f.mjs:276
[  238087ms] [ERROR] Unexpected hydration error Minified React error #418; visit https://react.dev/errors/418?args[]=HTML&args[]= for the full message or use the non-minified dev environment for full errors and additional helpful warnings. 
    at div (<anonymous>)
    at r (https://s.pinimg.com/webapp/gestalt-884d33817302ad5c.mjs:1:64017)
    at https://s.pinimg.com/webapp/18732.es_ES-5aef9e0e8e2cf785.mjs:24:49608
    at o (https://s.pinimg.com/webapp/70015.es_ES-d803ddc1b417f4cc.mjs:24:16178)
    at l (https://s.pinimg.com/webapp/70015.es_ES-d803ddc1b417f4cc.mjs:24:17289)
    at t6 (https://s.pinimg.com/webapp/38324.es_ES-6fecba4d5cf8fd58.mjs:6:102854)
    at r (https://s.pinimg.com/webapp/www/business/hub.es_ES-88277caedbb38583.mjs:1:7492)
    at h (https://s.pinimg.com/webapp/www/business/hub.es_ES-88277caedbb38583.mjs:1:7800)
    at g_ (https://s.pinimg.com/webapp/www/_client.es_ES-4ec8653b7450c35f.mjs:277:203522)
    at gh (https://s.pinimg.com/webapp/www/_client.es_ES-4ec8653b7450c35f.mjs:277:203435)
    at gE (https://s.pinimg.com/webapp/www/_client.es_ES-4ec8653b7450c35f.mjs:277:203574)
    at gb (https://s.pinimg.com/webapp/www/_client.es_ES-4ec8653b7450c35f.mjs:277:202405)
    at i (https://s.pinimg.com/webapp/30132.es_ES-bb7d11d9e5c51185.mjs:1:3315)
    at gg (https://s.pinimg.com/webapp/www/_client.es_ES-4ec8653b7450c35f.mjs:277:202515)
    at Suspense (<anonymous>)
    at l (https://s.pinimg.com/webapp/www/_client.es_ES-4ec8653b7450c35f.mjs:1:78889)
    at t_ (https://s.pinimg.com/webapp/vendor-react-6a01d76cbe450e04.mjs:14:6356)
    at tU (https://s.pinimg.com/webapp/vendor-react-6a01d76cbe450e04.mjs:14:13218)
    at div (<anonymous>)
    at div (<anonymous>)
    at r (https://s.pinimg.com/webapp/gestalt-884d33817302ad5c.mjs:1:64017)
    at t (https://s.pinimg.com/webapp/www/_client.es_ES-4ec8653b7450c35f.mjs:225:65345)
    at div (<anonymous>)
    at div (<anonymous>)
    at r (https://s.pinimg.com/webapp/gestalt-884d33817302ad5c.mjs:1:64017)
    at A (https://s.pinimg.com/webapp/www/_client.es_ES-4ec8653b7450c35f.mjs:225:110161)
    at l (https://s.pinimg.com/webapp/www/_client.es_ES-4ec8653b7450c35f.mjs:225:109961)
    at i (https://s.pinimg.com/webapp/www/_client.es_ES-4ec8653b7450c35f.mjs:225:182471)
    at d (https://s.pinimg.com/webapp/www/_client.es_ES-4ec8653b7450c35f.mjs:225:182840)
    at i (https://s.pinimg.com/webapp/www/_client.es_ES-4ec8653b7450c35f.mjs:1:19030)
    at aH (https://s.pinimg.com/webapp/www/_client.es_ES-4ec8653b7450c35f.mjs:236:34516)
    at d (https://s.pinimg.com/webapp/www/_client.es_ES-4ec8653b7450c35f.mjs:225:64846)
    at aV (https://s.pinimg.com/webapp/www/_client.es_ES-4ec8653b7450c35f.mjs:236:35055)
    at i (https://s.pinimg.com/webapp/www/_client.es_ES-4ec8653b7450c35f.mjs:225:68203)
    at l (https://s.pinimg.com/webapp/www/_client.es_ES-4ec8653b7450c35f.mjs:1:38191)
    at d (https://s.pinimg.com/webapp/www/_client.es_ES-4ec8653b7450c35f.mjs:1:21644)
    at p (https://s.pinimg.com/webapp/www/_client.es_ES-4ec8653b7450c35f.mjs:225:159196)
    at tk (https://s.pinimg.com/webapp/www/_client.es_ES-4ec8653b7450c35f.mjs:236:44266)
    at i (https://s.pinimg.com/webapp/www/_client.es_ES-4ec8653b7450c35f.mjs:225:59694)
    at I (https://s.pinimg.com/webapp/97167.es_ES-9a3b60025ecb6056.mjs:1:39010)
    at ac (https://s.pinimg.com/webapp/www/_client.es_ES-4ec8653b7450c35f.mjs:236:27130)
    at nj (https://s.pinimg.com/webapp/www/_client.es_ES-4ec8653b7450c35f.mjs:273:1237)
    at div (<anonymous>)
    at r (https://s.pinimg.com/webapp/gestalt-884d33817302ad5c.mjs:1:64017)
    at se (https://s.pinimg.com/webapp/www/_client.es_ES-4ec8653b7450c35f.mjs:273:33091)
    at o (https://s.pinimg.com/webapp/38019.es_ES-5710fd528f35369f.mjs:1:117304)
    at l (https://s.pinimg.com/webapp/www/_client.es_ES-4ec8653b7450c35f.mjs:225:107500)
    at s (https://s.pinimg.com/webapp/www/_client.es_ES-4ec8653b7450c35f.mjs:225:188933)
    at i (https://s.pinimg.com/webapp/www/_client.es_ES-4ec8653b7450c35f.mjs:225:186923)
    at l (https://s.pinimg.com/webapp/www/_client.es_ES-4ec8653b7450c35f.mjs:225:1666)
    at lO (https://s.pinimg.com/webapp/www/_client.es_ES-4ec8653b7450c35f.mjs:273:55548)
    at p (https://s.pinimg.com/webapp/92496-eaf7777fd05ff8f5.mjs:1:93831)
    at C (https://s.pinimg.com/webapp/www/_client.es_ES-4ec8653b7450c35f.mjs:218:108609)
    at l (https://s.pinimg.com/webapp/6204.es_ES-afb36a1b62e65d85.mjs:1:21926)
    at lH (https://s.pinimg.com/webapp/www/_client.es_ES-4ec8653b7450c35f.mjs:273:56578)
    at lK (https://s.pinimg.com/webapp/www/_client.es_ES-4ec8653b7450c35f.mjs:273:58388)
    at s5 (https://s.pinimg.com/webapp/www/_client.es_ES-4ec8653b7450c35f.mjs:273:43585)
    at iv (https://s.pinimg.com/webapp/www/_client.es_ES-4ec8653b7450c35f.mjs:273:68634)
    at l_ (https://s.pinimg.com/webapp/www/_client.es_ES-4ec8653b7450c35f.mjs:273:52373)
    at d (https://s.pinimg.com/webapp/70015.es_ES-d803ddc1b417f4cc.mjs:24:81063)
    at o (https://s.pinimg.com/webapp/6204.es_ES-afb36a1b62e65d85.mjs:1:19100)
    at u (https://s.pinimg.com/webapp/www/_client.es_ES-4ec8653b7450c35f.mjs:225:76584)
    at c (https://s.pinimg.com/webapp/www/_client.es_ES-4ec8653b7450c35f.mjs:225:105851)
    at l (https://s.pinimg.com/webapp/www/_client.es_ES-4ec8653b7450c35f.mjs:225:86772)
    at l (https://s.pinimg.com/webapp/www/_client.es_ES-4ec8653b7450c35f.mjs:15:14569)
    at l (https://s.pinimg.com/webapp/www/_client.es_ES-4ec8653b7450c35f.mjs:225:108585)
    at u (https://s.pinimg.com/webapp/www/_client.es_ES-4ec8653b7450c35f.mjs:225:71423)
    at xD (https://s.pinimg.com/webapp/6204.es_ES-afb36a1b62e65d85.mjs:1:12504)
    at _ (https://s.pinimg.com/webapp/www/_client.es_ES-4ec8653b7450c35f.mjs:225:5271)
    at u (https://s.pinimg.com/webapp/www/_client.es_ES-4ec8653b7450c35f.mjs:218:178191)
    at p (https://s.pinimg.com/webapp/www/_client.es_ES-4ec8653b7450c35f.mjs:218:302585)
    at g (https://s.pinimg.com/webapp/www/_client.es_ES-4ec8653b7450c35f.mjs:225:85747)
    at u (https://s.pinimg.com/webapp/www/_client.es_ES-4ec8653b7450c35f.mjs:225:240239)
    at i (https://s.pinimg.com/webapp/www/_client.es_ES-4ec8653b7450c35f.mjs:225:74306)
    at lb (https://s.pinimg.com/webapp/www/_client.es_ES-4ec8653b7450c35f.mjs:273:51799)
    at la (https://s.pinimg.com/webapp/www/_client.es_ES-4ec8653b7450c35f.mjs:273:46034)
    at l (https://s.pinimg.com/webapp/www/_client.es_ES-4ec8653b7450c35f.mjs:225:1666)
    at iR (https://s.pinimg.com/webapp/www/_client.es_ES-4ec8653b7450c35f.mjs:273:69329)
    at _ (https://s.pinimg.com/webapp/www/_client.es_ES-4ec8653b7450c35f.mjs:1:28265)
    at a (https://s.pinimg.com/webapp/www/_client.es_ES-4ec8653b7450c35f.mjs:218:301113)
    at S (https://s.pinimg.com/webapp/6204.es_ES-afb36a1b62e65d85.mjs:1:24064)
    at y (https://s.pinimg.com/webapp/6204.es_ES-afb36a1b62e65d85.mjs:1:23414)
    at hP (https://s.pinimg.com/webapp/6204.es_ES-afb36a1b62e65d85.mjs:1:28277)
    at b (https://s.pinimg.com/webapp/www/_client.es_ES-4ec8653b7450c35f.mjs:225:11399)
    at i (https://s.pinimg.com/webapp/www/_client.es_ES-4ec8653b7450c35f.mjs:225:75941)
    at u (https://s.pinimg.com/webapp/www/_client.es_ES-4ec8653b7450c35f.mjs:1:23448)
    at d (https://s.pinimg.com/webapp/6204.es_ES-afb36a1b62e65d85.mjs:1:20081)
    at _ (https://s.pinimg.com/webapp/www/_client.es_ES-4ec8653b7450c35f.mjs:1:24266)
    at x (https://s.pinimg.com/webapp/97167.es_ES-9a3b60025ecb6056.mjs:1:1599)
    at M (https://s.pinimg.com/webapp/30132.es_ES-bb7d11d9e5c51185.mjs:1:23650)
    at h (https://s.pinimg.com/webapp/www/_client.es_ES-4ec8653b7450c35f.mjs:1:54044)
    at u (https://s.pinimg.com/webapp/www/_client.es_ES-4ec8653b7450c35f.mjs:225:72958)
    at d (https://s.pinimg.com/webapp/www/_client.es_ES-4ec8653b7450c35f.mjs:225:84760)
    at b (https://s.pinimg.com/webapp/www/_client.es_ES-4ec8653b7450c35f.mjs:225:75125)
    at u (https://s.pinimg.com/webapp/www/_client.es_ES-4ec8653b7450c35f.mjs:225:243638)
    at is (https://s.pinimg.com/webapp/www/_client.es_ES-4ec8653b7450c35f.mjs:273:67485)
    at m (https://s.pinimg.com/webapp/www/_client.es_ES-4ec8653b7450c35f.mjs:225:82934)
    at d (https://s.pinimg.com/webapp/70015.es_ES-d803ddc1b417f4cc.mjs:24:72547)
    at it (https://s.pinimg.com/webapp/www/_client.es_ES-4ec8653b7450c35f.mjs:273:64486)
    at ip (https://s.pinimg.com/webapp/www/_client.es_ES-4ec8653b7450c35f.mjs:273:67783)
    at x (https://s.pinimg.com/webapp/www/_client.es_ES-4ec8653b7450c35f.mjs:218:115459)
    at R (https://s.pinimg.com/webapp/www/_client.es_ES-4ec8653b7450c35f.mjs:1:31837)
    at sy (https://s.pinimg.com/webapp/www/_client.es_ES-4ec8653b7450c35f.mjs:273:38677)
    at sx (https://s.pinimg.com/webapp/www/_client.es_ES-4ec8653b7450c35f.mjs:273:38161)
    at p4 (https://s.pinimg.com/webapp/www/_client.es_ES-4ec8653b7450c35f.mjs:218:295820)
    at sw (https://s.pinimg.com/webapp/www/_client.es_ES-4ec8653b7450c35f.mjs:273:38928)
    at sZ (https://s.pinimg.com/webapp/www/_client.es_ES-4ec8653b7450c35f.mjs:273:42986)
    at i (https://s.pinimg.com/webapp/30132.es_ES-bb7d11d9e5c51185.mjs:1:3315)
    at iL (https://s.pinimg.com/webapp/www/_client.es_ES-4ec8653b7450c35f.mjs:273:71065)
    at iM (https://s.pinimg.com/webapp/www/_client.es_ES-4ec8653b7450c35f.mjs:273:87167)
    at root (https://s.pinimg.com/webapp/www/_client.es_ES-4ec8653b7450c35f.mjs:277:252205)
    at m (https://s.pinimg.com/webapp/70015.es_ES-d803ddc1b417f4cc.mjs:21:6394)
    at om (https://s.pinimg.com/webapp/www/_client.es_ES-4ec8653b7450c35f.mjs:236:1180)
    at ol (https://s.pinimg.com/webapp/www/_client.es_ES-4ec8653b7450c35f.mjs:236:577)
    at or (https://s.pinimg.com/webapp/www/_client.es_ES-4ec8653b7450c35f.mjs:230:1092)
    at e8 (https://s.pinimg.com/webapp/70015.es_ES-d803ddc1b417f4cc.mjs:24:56443)
    at l (https://s.pinimg.com/webapp/75234-17d99b60b07560a9.mjs:2:6133)
    at rR (https://s.pinimg.com/webapp/www/_client.es_ES-4ec8653b7450c35f.mjs:236:19083)
    at rT (https://s.pinimg.com/webapp/www/_client.es_ES-4ec8653b7450c35f.mjs:236:18778)
    at b (https://s.pinimg.com/webapp/www/_client.es_ES-4ec8653b7450c35f.mjs:225:81234)
    at l (https://s.pinimg.com/webapp/97167.es_ES-9a3b60025ecb6056.mjs:1:44405)
    at u (https://s.pinimg.com/webapp/6204.es_ES-afb36a1b62e65d85.mjs:1:21185)
    at g (https://s.pinimg.com/webapp/vendor-react-6a01d76cbe450e04.mjs:11:8712)
    at h (https://s.pinimg.com/webapp/55981-850eb9c8d95e94bf.mjs:1:10446)
    at i (https://s.pinimg.com/webapp/www/_client.es_ES-4ec8653b7450c35f.mjs:1:78407)
    at c (https://s.pinimg.com/webapp/75234-17d99b60b07560a9.mjs:2:6424)
    at r (https://s.pinimg.com/webapp/gestalt-884d33817302ad5c.mjs:7:704)
    at oN (https://s.pinimg.com/webapp/www/_client.es_ES-4ec8653b7450c35f.mjs:236:6551)
    at O (https://s.pinimg.com/webapp/30132.es_ES-bb7d11d9e5c51185.mjs:1:19101)
    at u (https://s.pinimg.com/webapp/www/_client.es_ES-4ec8653b7450c35f.mjs:1:77948)
    at o (https://s.pinimg.com/webapp/gestalt-884d33817302ad5c.mjs:2:377167)
    at i (https://s.pinimg.com/webapp/www/_client.es_ES-4ec8653b7450c35f.mjs:218:50424)
    at U (https://s.pinimg.com/webapp/gestalt-884d33817302ad5c.mjs:2:378434)
    at c (https://s.pinimg.com/webapp/gestalt-884d33817302ad5c.mjs:2:371168)
    at oS (https://s.pinimg.com/webapp/www/_client.es_ES-4ec8653b7450c35f.mjs:236:5296)
    at oI (https://s.pinimg.com/webapp/www/_client.es_ES-4ec8653b7450c35f.mjs:236:6137)
    at o (https://s.pinimg.com/webapp/gestalt-884d33817302ad5c.mjs:7:211)
    at ox (https://s.pinimg.com/webapp/www/_client.es_ES-4ec8653b7450c35f.mjs:236:5848)
    at rv (https://s.pinimg.com/webapp/www/_client.es_ES-4ec8653b7450c35f.mjs:236:15244)
    at I (https://s.pinimg.com/webapp/97167.es_ES-9a3b60025ecb6056.mjs:1:11169)
    at rA (https://s.pinimg.com/webapp/www/_client.es_ES-4ec8653b7450c35f.mjs:236:17051)
    at ra (https://s.pinimg.com/webapp/www/_client.es_ES-4ec8653b7450c35f.mjs:236:14089)
    at rk (https://s.pinimg.com/webapp/www/_client.es_ES-4ec8653b7450c35f.mjs:236:17393)
    at t (https://s.pinimg.com/webapp/locale-es_ES-LocaleDataLoader-6dd309aef53f8e8c.mjs:1:123)
    at Suspense (<anonymous>)
    at h (https://s.pinimg.com/webapp/75234-17d99b60b07560a9.mjs:5:59444)
    at oZ (https://s.pinimg.com/webapp/www/_client.es_ES-4ec8653b7450c35f.mjs:236:11411)
    at rx (https://s.pinimg.com/webapp/www/_client.es_ES-4ec8653b7450c35f.mjs:236:17910)
    at rC (https://s.pinimg.com/webapp/www/_client.es_ES-4ec8653b7450c35f.mjs:236:21329)
    at iU (https://s.pinimg.com/webapp/www/_client.es_ES-4ec8653b7450c35f.mjs:273:86822)
    at reduxProvider (https://s.pinimg.com/webapp/www/_client.es_ES-4ec8653b7450c35f.mjs:277:251994)
    at https://s.pinimg.com/webapp/www/_client.es_ES-4ec8653b7450c35f.mjs:277:235665
    at gw (https://s.pinimg.com/webapp/www/_client.es_ES-4ec8653b7450c35f.mjs:277:204463)
    at gI (https://s.pinimg.com/webapp/www/_client.es_ES-4ec8653b7450c35f.mjs:277:204541)
    at gl (https://s.pinimg.com/webapp/www/_client.es_ES-4ec8653b7450c35f.mjs:277:201250)
    at v (https://s.pinimg.com/webapp/www/_client.es_ES-4ec8653b7450c35f.mjs:277:253013)
    at p (https://s.pinimg.com/webapp/75234-17d99b60b07560a9.mjs:5:26645)
    at https://s.pinimg.com/webapp/vendor-react-6a01d76cbe450e04.mjs:9:69109
    at s (https://s.pinimg.com/webapp/6204.es_ES-afb36a1b62e65d85.mjs:1:31741)
    at _ (https://s.pinimg.com/webapp/75234-17d99b60b07560a9.mjs:5:10612)
    at gi (https://s.pinimg.com/webapp/www/_client.es_ES-4ec8653b7450c35f.mjs:277:201857)
    at t_ (https://s.pinimg.com/webapp/vendor-react-6a01d76cbe450e04.mjs:14:6356)
    at tm (https://s.pinimg.com/webapp/vendor-react-6a01d76cbe450e04.mjs:14:4339)
    at https://s.pinimg.com/webapp/vendor-react-6a01d76cbe450e04.mjs:14:12507
    at tj (https://s.pinimg.com/webapp/vendor-react-6a01d76cbe450e04.mjs:14:13495)
    at tL (https://s.pinimg.com/webapp/vendor-react-6a01d76cbe450e04.mjs:14:8882)
    at Suspense (<anonymous>) @ https://s.pinimg.com/webapp/www/_client.es_ES-4ec8653b7450c35f.mjs:276
[  251363ms] [WARNING] The resource https://i.pinimg.com/236x/91/3e/6a/913e6a852dfb8cb71fb7c39d499e6173.jpg was preloaded using link preload but not used within a few seconds from the window's load event. Please make sure it has an appropriate `as` value and it is preloaded intentionally. @ https://www.pinterest.com/:0
[  251363ms] [WARNING] The resource https://i.pinimg.com/474x/82/3c/8e/823c8ee379edb2a6b2644c56d68e73a2.jpg was preloaded using link preload but not used within a few seconds from the window's load event. Please make sure it has an appropriate `as` value and it is preloaded intentionally. @ https://www.pinterest.com/:0
[  251363ms] [WARNING] The resource https://i.pinimg.com/474x/83/0e/4f/830e4fe1c4eb1b6b0955d3c84e61fc79.jpg was preloaded using link preload but not used within a few seconds from the window's load event. Please make sure it has an appropriate `as` value and it is preloaded intentionally. @ https://www.pinterest.com/:0
[  251363ms] [WARNING] The resource https://i.pinimg.com/474x/a0/a8/36/a0a8366ce9a762e1beebab203652ab20.jpg was preloaded using link preload but not used within a few seconds from the window's load event. Please make sure it has an appropriate `as` value and it is preloaded intentionally. @ https://www.pinterest.com/:0
[  251363ms] [WARNING] The resource https://i.pinimg.com/474x/56/08/e2/5608e29c1ec39e94cfe4d50d10f8ba07.jpg was preloaded using link preload but not used within a few seconds from the window's load event. Please make sure it has an appropriate `as` value and it is preloaded intentionally. @ https://www.pinterest.com/:0
[  251363ms] [WARNING] The resource https://i.pinimg.com/474x/90/0c/3b/900c3b9188a72116f66ba09241fa614a.jpg was preloaded using link preload but not used within a few seconds from the window's load event. Please make sure it has an appropriate `as` value and it is preloaded intentionally. @ https://www.pinterest.com/:0
[  251363ms] [WARNING] The resource https://i.pinimg.com/474x/ec/c0/ae/ecc0ae9cbb0eed605b1c8c0a534e1d37.jpg was preloaded using link preload but not used within a few seconds from the window's load event. Please make sure it has an appropriate `as` value and it is preloaded intentionally. @ https://www.pinterest.com/:0
[  251363ms] [WARNING] The resource https://i.pinimg.com/236x/f1/e8/4f/f1e84f6313f6056e9504c9688c10049a.jpg was preloaded using link preload but not used within a few seconds from the window's load event. Please make sure it has an appropriate `as` value and it is preloaded intentionally. @ https://www.pinterest.com/:0
[  251363ms] [WARNING] The resource https://i.pinimg.com/474x/53/30/9c/53309cc88b2cc468fa0597f6f2c69c9f.jpg was preloaded using link preload but not used within a few seconds from the window's load event. Please make sure it has an appropriate `as` value and it is preloaded intentionally. @ https://www.pinterest.com/:0
[  251363ms] [WARNING] The resource https://i.pinimg.com/474x/99/98/9c/99989c26cbbbe68628db1cde345e5014.jpg was preloaded using link preload but not used within a few seconds from the window's load event. Please make sure it has an appropriate `as` value and it is preloaded intentionally. @ https://www.pinterest.com/:0
[  251363ms] [WARNING] The resource https://i.pinimg.com/236x/6b/9d/a4/6b9da44ea5ae73c60c1b3f1d064120c6.jpg was preloaded using link preload but not used within a few seconds from the window's load event. Please make sure it has an appropriate `as` value and it is preloaded intentionally. @ https://www.pinterest.com/:0
[  251363ms] [WARNING] The resource https://i.pinimg.com/474x/58/14/3c/58143c9060f6338e8c4f0778136e7d37.jpg was preloaded using link preload but not used within a few seconds from the window's load event. Please make sure it has an appropriate `as` value and it is preloaded intentionally. @ https://www.pinterest.com/:0
[  251363ms] [WARNING] The resource https://i.pinimg.com/474x/89/a3/0a/89a30a2fbfc41719dcdb0c398ca46f78.jpg was preloaded using link preload but not used within a few seconds from the window's load event. Please make sure it has an appropriate `as` value and it is preloaded intentionally. @ https://www.pinterest.com/:0
[  251363ms] [WARNING] The resource https://i.pinimg.com/474x/54/17/cf/5417cf313381bf0c7170574882e45175.jpg was preloaded using link preload but not used within a few seconds from the window's load event. Please make sure it has an appropriate `as` value and it is preloaded intentionally. @ https://www.pinterest.com/:0
[  251363ms] [WARNING] The resource https://i.pinimg.com/474x/af/e9/7b/afe97b016c93a81764b283dbc453ab00.jpg was preloaded using link preload but not used within a few seconds from the window's load event. Please make sure it has an appropriate `as` value and it is preloaded intentionally. @ https://www.pinterest.com/:0
[  251363ms] [WARNING] The resource https://i.pinimg.com/474x/fb/e7/4d/fbe74d6ec969a9e503a8e6e561fc6d5c.jpg was preloaded using link preload but not used within a few seconds from the window's load event. Please make sure it has an appropriate `as` value and it is preloaded intentionally. @ https://www.pinterest.com/:0
[  251363ms] [WARNING] The resource https://i.pinimg.com/474x/65/06/fd/6506fdf0317790e2ecdfa129ca9a55a1.jpg was preloaded using link preload but not used within a few seconds from the window's load event. Please make sure it has an appropriate `as` value and it is preloaded intentionally. @ https://www.pinterest.com/:0
[  251363ms] [WARNING] The resource https://i.pinimg.com/236x/74/09/1e/74091eeaf8828f72ce1f9be994fc983a.jpg was preloaded using link preload but not used within a few seconds from the window's load event. Please make sure it has an appropriate `as` value and it is preloaded intentionally. @ https://www.pinterest.com/:0
[  251363ms] [WARNING] The resource https://i.pinimg.com/236x/c4/a5/e9/c4a5e9badeafedfb63f8a9f2bc8fe012.jpg was preloaded using link preload but not used within a few seconds from the window's load event. Please make sure it has an appropriate `as` value and it is preloaded intentionally. @ https://www.pinterest.com/:0
[  251363ms] [WARNING] The resource https://i.pinimg.com/474x/da/76/65/da7665b0e2cacd210adbb02dcdd08814.jpg was preloaded using link preload but not used within a few seconds from the window's load event. Please make sure it has an appropriate `as` value and it is preloaded intentionally. @ https://www.pinterest.com/:0
[  251363ms] [WARNING] The resource https://i.pinimg.com/236x/4a/a5/2e/4aa52ea81aee43094ce3e8907abd513c.jpg was preloaded using link preload but not used within a few seconds from the window's load event. Please make sure it has an appropriate `as` value and it is preloaded intentionally. @ https://www.pinterest.com/:0
[  251363ms] [WARNING] The resource https://i.pinimg.com/236x/b5/48/2c/b5482c837f677a02616df1bc46dc4666.jpg was preloaded using link preload but not used within a few seconds from the window's load event. Please make sure it has an appropriate `as` value and it is preloaded intentionally. @ https://www.pinterest.com/:0
[  251363ms] [WARNING] The resource https://i.pinimg.com/236x/e3/1f/17/e31f17b45a867a540caac1ee28b0b5b9.jpg was preloaded using link preload but not used within a few seconds from the window's load event. Please make sure it has an appropriate `as` value and it is preloaded intentionally. @ https://www.pinterest.com/:0
[  251363ms] [WARNING] The resource https://i.pinimg.com/474x/e6/09/ba/e609ba7f4a7f78080ad07e76684dd6aa.jpg was preloaded using link preload but not used within a few seconds from the window's load event. Please make sure it has an appropriate `as` value and it is preloaded intentionally. @ https://www.pinterest.com/:0
[  251363ms] [WARNING] The resource https://i.pinimg.com/474x/d8/7c/f7/d87cf7cbb00a014cd93ff5f56fe5b6b2.jpg was preloaded using link preload but not used within a few seconds from the window's load event. Please make sure it has an appropriate `as` value and it is preloaded intentionally. @ https://www.pinterest.com/:0
[  251363ms] [WARNING] The resource https://i.pinimg.com/474x/f9/3b/3d/f93b3ddf31ef0791c83fedb49fe66ca0.jpg was preloaded using link preload but not used within a few seconds from the window's load event. Please make sure it has an appropriate `as` value and it is preloaded intentionally. @ https://www.pinterest.com/:0
[  251363ms] [WARNING] The resource https://i.pinimg.com/474x/8f/bc/7f/8fbc7f3781e0bc13c7590c1edc18bfdd.jpg was preloaded using link preload but not used within a few seconds from the window's load event. Please make sure it has an appropriate `as` value and it is preloaded intentionally. @ https://www.pinterest.com/:0
[  251363ms] [WARNING] The resource https://i.pinimg.com/474x/cb/2b/ec/cb2bec06e201121494007790060aacf4.jpg was preloaded using link preload but not used within a few seconds from the window's load event. Please make sure it has an appropriate `as` value and it is preloaded intentionally. @ https://www.pinterest.com/:0
[  251363ms] [WARNING] The resource https://i.pinimg.com/474x/a4/49/ce/a449cec0babc59203877ac09cd41c290.jpg was preloaded using link preload but not used within a few seconds from the window's load event. Please make sure it has an appropriate `as` value and it is preloaded intentionally. @ https://www.pinterest.com/:0
[  251363ms] [WARNING] The resource https://i.pinimg.com/474x/69/57/c9/6957c9aca29da6217b4d6b17a4c5c0f8.jpg was preloaded using link preload but not used within a few seconds from the window's load event. Please make sure it has an appropriate `as` value and it is preloaded intentionally. @ https://www.pinterest.com/:0
[  251363ms] [WARNING] The resource https://i.pinimg.com/474x/d5/66/40/d56640c5fc3f12297b35bf96efaef546.jpg was preloaded using link preload but not used within a few seconds from the window's load event. Please make sure it has an appropriate `as` value and it is preloaded intentionally. @ https://www.pinterest.com/:0
[  255703ms] [WARNING] The resource https://i.pinimg.com/236x/91/3e/6a/913e6a852dfb8cb71fb7c39d499e6173.jpg was preloaded using link preload but not used within a few seconds from the window's load event. Please make sure it has an appropriate `as` value and it is preloaded intentionally. @ https://www.pinterest.com/:0
[  255703ms] [WARNING] The resource https://i.pinimg.com/474x/82/3c/8e/823c8ee379edb2a6b2644c56d68e73a2.jpg was preloaded using link preload but not used within a few seconds from the window's load event. Please make sure it has an appropriate `as` value and it is preloaded intentionally. @ https://www.pinterest.com/:0
[  255703ms] [WARNING] The resource https://i.pinimg.com/474x/83/0e/4f/830e4fe1c4eb1b6b0955d3c84e61fc79.jpg was preloaded using link preload but not used within a few seconds from the window's load event. Please make sure it has an appropriate `as` value and it is preloaded intentionally. @ https://www.pinterest.com/:0
[  255703ms] [WARNING] The resource https://i.pinimg.com/474x/a0/a8/36/a0a8366ce9a762e1beebab203652ab20.jpg was preloaded using link preload but not used within a few seconds from the window's load event. Please make sure it has an appropriate `as` value and it is preloaded intentionally. @ https://www.pinterest.com/:0
[  255703ms] [WARNING] The resource https://i.pinimg.com/474x/56/08/e2/5608e29c1ec39e94cfe4d50d10f8ba07.jpg was preloaded using link preload but not used within a few seconds from the window's load event. Please make sure it has an appropriate `as` value and it is preloaded intentionally. @ https://www.pinterest.com/:0
[  255703ms] [WARNING] The resource https://i.pinimg.com/474x/90/0c/3b/900c3b9188a72116f66ba09241fa614a.jpg was preloaded using link preload but not used within a few seconds from the window's load event. Please make sure it has an appropriate `as` value and it is preloaded intentionally. @ https://www.pinterest.com/:0
[  255703ms] [WARNING] The resource https://i.pinimg.com/474x/ec/c0/ae/ecc0ae9cbb0eed605b1c8c0a534e1d37.jpg was preloaded using link preload but not used within a few seconds from the window's load event. Please make sure it has an appropriate `as` value and it is preloaded intentionally. @ https://www.pinterest.com/:0
[  255703ms] [WARNING] The resource https://i.pinimg.com/236x/f1/e8/4f/f1e84f6313f6056e9504c9688c10049a.jpg was preloaded using link preload but not used within a few seconds from the window's load event. Please make sure it has an appropriate `as` value and it is preloaded intentionally. @ https://www.pinterest.com/:0
[  255703ms] [WARNING] The resource https://i.pinimg.com/474x/53/30/9c/53309cc88b2cc468fa0597f6f2c69c9f.jpg was preloaded using link preload but not used within a few seconds from the window's load event. Please make sure it has an appropriate `as` value and it is preloaded intentionally. @ https://www.pinterest.com/:0
[  255703ms] [WARNING] The resource https://i.pinimg.com/474x/99/98/9c/99989c26cbbbe68628db1cde345e5014.jpg was preloaded using link preload but not used within a few seconds from the window's load event. Please make sure it has an appropriate `as` value and it is preloaded intentionally. @ https://www.pinterest.com/:0
[  255703ms] [WARNING] The resource https://i.pinimg.com/236x/6b/9d/a4/6b9da44ea5ae73c60c1b3f1d064120c6.jpg was preloaded using link preload but not used within a few seconds from the window's load event. Please make sure it has an appropriate `as` value and it is preloaded intentionally. @ https://www.pinterest.com/:0
[  255703ms] [WARNING] The resource https://i.pinimg.com/474x/58/14/3c/58143c9060f6338e8c4f0778136e7d37.jpg was preloaded using link preload but not used within a few seconds from the window's load event. Please make sure it has an appropriate `as` value and it is preloaded intentionally. @ https://www.pinterest.com/:0
[  255703ms] [WARNING] The resource https://i.pinimg.com/474x/89/a3/0a/89a30a2fbfc41719dcdb0c398ca46f78.jpg was preloaded using link preload but not used within a few seconds from the window's load event. Please make sure it has an appropriate `as` value and it is preloaded intentionally. @ https://www.pinterest.com/:0
[  255703ms] [WARNING] The resource https://i.pinimg.com/474x/54/17/cf/5417cf313381bf0c7170574882e45175.jpg was preloaded using link preload but not used within a few seconds from the window's load event. Please make sure it has an appropriate `as` value and it is preloaded intentionally. @ https://www.pinterest.com/:0
[  255703ms] [WARNING] The resource https://i.pinimg.com/474x/af/e9/7b/afe97b016c93a81764b283dbc453ab00.jpg was preloaded using link preload but not used within a few seconds from the window's load event. Please make sure it has an appropriate `as` value and it is preloaded intentionally. @ https://www.pinterest.com/:0
[  255703ms] [WARNING] The resource https://i.pinimg.com/474x/fb/e7/4d/fbe74d6ec969a9e503a8e6e561fc6d5c.jpg was preloaded using link preload but not used within a few seconds from the window's load event. Please make sure it has an appropriate `as` value and it is preloaded intentionally. @ https://www.pinterest.com/:0
[  255703ms] [WARNING] The resource https://i.pinimg.com/474x/65/06/fd/6506fdf0317790e2ecdfa129ca9a55a1.jpg was preloaded using link preload but not used within a few seconds from the window's load event. Please make sure it has an appropriate `as` value and it is preloaded intentionally. @ https://www.pinterest.com/:0
[  255703ms] [WARNING] The resource https://i.pinimg.com/236x/74/09/1e/74091eeaf8828f72ce1f9be994fc983a.jpg was preloaded using link preload but not used within a few seconds from the window's load event. Please make sure it has an appropriate `as` value and it is preloaded intentionally. @ https://www.pinterest.com/:0
[  255703ms] [WARNING] The resource https://i.pinimg.com/236x/c4/a5/e9/c4a5e9badeafedfb63f8a9f2bc8fe012.jpg was preloaded using link preload but not used within a few seconds from the window's load event. Please make sure it has an appropriate `as` value and it is preloaded intentionally. @ https://www.pinterest.com/:0
[  255703ms] [WARNING] The resource https://i.pinimg.com/474x/da/76/65/da7665b0e2cacd210adbb02dcdd08814.jpg was preloaded using link preload but not used within a few seconds from the window's load event. Please make sure it has an appropriate `as` value and it is preloaded intentionally. @ https://www.pinterest.com/:0
[  255703ms] [WARNING] The resource https://i.pinimg.com/236x/4a/a5/2e/4aa52ea81aee43094ce3e8907abd513c.jpg was preloaded using link preload but not used within a few seconds from the window's load event. Please make sure it has an appropriate `as` value and it is preloaded intentionally. @ https://www.pinterest.com/:0
[  255703ms] [WARNING] The resource https://i.pinimg.com/236x/b5/48/2c/b5482c837f677a02616df1bc46dc4666.jpg was preloaded using link preload but not used within a few seconds from the window's load event. Please make sure it has an appropriate `as` value and it is preloaded intentionally. @ https://www.pinterest.com/:0
[  255703ms] [WARNING] The resource https://i.pinimg.com/236x/e3/1f/17/e31f17b45a867a540caac1ee28b0b5b9.jpg was preloaded using link preload but not used within a few seconds from the window's load event. Please make sure it has an appropriate `as` value and it is preloaded intentionally. @ https://www.pinterest.com/:0
[  255703ms] [WARNING] The resource https://i.pinimg.com/474x/e6/09/ba/e609ba7f4a7f78080ad07e76684dd6aa.jpg was preloaded using link preload but not used within a few seconds from the window's load event. Please make sure it has an appropriate `as` value and it is preloaded intentionally. @ https://www.pinterest.com/:0
[  255703ms] [WARNING] The resource https://i.pinimg.com/474x/d8/7c/f7/d87cf7cbb00a014cd93ff5f56fe5b6b2.jpg was preloaded using link preload but not used within a few seconds from the window's load event. Please make sure it has an appropriate `as` value and it is preloaded intentionally. @ https://www.pinterest.com/:0
[  255703ms] [WARNING] The resource https://i.pinimg.com/474x/f9/3b/3d/f93b3ddf31ef0791c83fedb49fe66ca0.jpg was preloaded using link preload but not used within a few seconds from the window's load event. Please make sure it has an appropriate `as` value and it is preloaded intentionally. @ https://www.pinterest.com/:0
[  255703ms] [WARNING] The resource https://i.pinimg.com/474x/8f/bc/7f/8fbc7f3781e0bc13c7590c1edc18bfdd.jpg was preloaded using link preload but not used within a few seconds from the window's load event. Please make sure it has an appropriate `as` value and it is preloaded intentionally. @ https://www.pinterest.com/:0
[  255703ms] [WARNING] The resource https://i.pinimg.com/474x/cb/2b/ec/cb2bec06e201121494007790060aacf4.jpg was preloaded using link preload but not used within a few seconds from the window's load event. Please make sure it has an appropriate `as` value and it is preloaded intentionally. @ https://www.pinterest.com/:0
[  255703ms] [WARNING] The resource https://i.pinimg.com/474x/a4/49/ce/a449cec0babc59203877ac09cd41c290.jpg was preloaded using link preload but not used within a few seconds from the window's load event. Please make sure it has an appropriate `as` value and it is preloaded intentionally. @ https://www.pinterest.com/:0
[  255703ms] [WARNING] The resource https://i.pinimg.com/474x/69/57/c9/6957c9aca29da6217b4d6b17a4c5c0f8.jpg was preloaded using link preload but not used within a few seconds from the window's load event. Please make sure it has an appropriate `as` value and it is preloaded intentionally. @ https://www.pinterest.com/:0
[  255703ms] [WARNING] The resource https://i.pinimg.com/474x/d5/66/40/d56640c5fc3f12297b35bf96efaef546.jpg was preloaded using link preload but not used within a few seconds from the window's load event. Please make sure it has an appropriate `as` value and it is preloaded intentionally. @ https://www.pinterest.com/:0
[  265770ms] [WARNING] The resource https://i.pinimg.com/236x/91/3e/6a/913e6a852dfb8cb71fb7c39d499e6173.jpg was preloaded using link preload but not used within a few seconds from the window's load event. Please make sure it has an appropriate `as` value and it is preloaded intentionally. @ https://www.pinterest.com/:0
[  265770ms] [WARNING] The resource https://i.pinimg.com/474x/82/3c/8e/823c8ee379edb2a6b2644c56d68e73a2.jpg was preloaded using link preload but not used within a few seconds from the window's load event. Please make sure it has an appropriate `as` value and it is preloaded intentionally. @ https://www.pinterest.com/:0
[  265770ms] [WARNING] The resource https://i.pinimg.com/474x/83/0e/4f/830e4fe1c4eb1b6b0955d3c84e61fc79.jpg was preloaded using link preload but not used within a few seconds from the window's load event. Please make sure it has an appropriate `as` value and it is preloaded intentionally. @ https://www.pinterest.com/:0
[  265770ms] [WARNING] The resource https://i.pinimg.com/474x/a0/a8/36/a0a8366ce9a762e1beebab203652ab20.jpg was preloaded using link preload but not used within a few seconds from the window's load event. Please make sure it has an appropriate `as` value and it is preloaded intentionally. @ https://www.pinterest.com/:0
[  265770ms] [WARNING] The resource https://i.pinimg.com/474x/56/08/e2/5608e29c1ec39e94cfe4d50d10f8ba07.jpg was preloaded using link preload but not used within a few seconds from the window's load event. Please make sure it has an appropriate `as` value and it is preloaded intentionally. @ https://www.pinterest.com/:0
[  265771ms] [WARNING] The resource https://i.pinimg.com/474x/90/0c/3b/900c3b9188a72116f66ba09241fa614a.jpg was preloaded using link preload but not used within a few seconds from the window's load event. Please make sure it has an appropriate `as` value and it is preloaded intentionally. @ https://www.pinterest.com/:0
[  265771ms] [WARNING] The resource https://i.pinimg.com/474x/ec/c0/ae/ecc0ae9cbb0eed605b1c8c0a534e1d37.jpg was preloaded using link preload but not used within a few seconds from the window's load event. Please make sure it has an appropriate `as` value and it is preloaded intentionally. @ https://www.pinterest.com/:0
[  265771ms] [WARNING] The resource https://i.pinimg.com/236x/f1/e8/4f/f1e84f6313f6056e9504c9688c10049a.jpg was preloaded using link preload but not used within a few seconds from the window's load event. Please make sure it has an appropriate `as` value and it is preloaded intentionally. @ https://www.pinterest.com/:0
[  265771ms] [WARNING] The resource https://i.pinimg.com/474x/53/30/9c/53309cc88b2cc468fa0597f6f2c69c9f.jpg was preloaded using link preload but not used within a few seconds from the window's load event. Please make sure it has an appropriate `as` value and it is preloaded intentionally. @ https://www.pinterest.com/:0
[  265771ms] [WARNING] The resource https://i.pinimg.com/474x/99/98/9c/99989c26cbbbe68628db1cde345e5014.jpg was preloaded using link preload but not used within a few seconds from the window's load event. Please make sure it has an appropriate `as` value and it is preloaded intentionally. @ https://www.pinterest.com/:0
[  265771ms] [WARNING] The resource https://i.pinimg.com/236x/6b/9d/a4/6b9da44ea5ae73c60c1b3f1d064120c6.jpg was preloaded using link preload but not used within a few seconds from the window's load event. Please make sure it has an appropriate `as` value and it is preloaded intentionally. @ https://www.pinterest.com/:0
[  265771ms] [WARNING] The resource https://i.pinimg.com/474x/58/14/3c/58143c9060f6338e8c4f0778136e7d37.jpg was preloaded using link preload but not used within a few seconds from the window's load event. Please make sure it has an appropriate `as` value and it is preloaded intentionally. @ https://www.pinterest.com/:0
[  265771ms] [WARNING] The resource https://i.pinimg.com/474x/89/a3/0a/89a30a2fbfc41719dcdb0c398ca46f78.jpg was preloaded using link preload but not used within a few seconds from the window's load event. Please make sure it has an appropriate `as` value and it is preloaded intentionally. @ https://www.pinterest.com/:0
[  265771ms] [WARNING] The resource https://i.pinimg.com/474x/54/17/cf/5417cf313381bf0c7170574882e45175.jpg was preloaded using link preload but not used within a few seconds from the window's load event. Please make sure it has an appropriate `as` value and it is preloaded intentionally. @ https://www.pinterest.com/:0
[  265771ms] [WARNING] The resource https://i.pinimg.com/474x/af/e9/7b/afe97b016c93a81764b283dbc453ab00.jpg was preloaded using link preload but not used within a few seconds from the window's load event. Please make sure it has an appropriate `as` value and it is preloaded intentionally. @ https://www.pinterest.com/:0
[  265771ms] [WARNING] The resource https://i.pinimg.com/474x/fb/e7/4d/fbe74d6ec969a9e503a8e6e561fc6d5c.jpg was preloaded using link preload but not used within a few seconds from the window's load event. Please make sure it has an appropriate `as` value and it is preloaded intentionally. @ https://www.pinterest.com/:0
[  265771ms] [WARNING] The resource https://i.pinimg.com/474x/65/06/fd/6506fdf0317790e2ecdfa129ca9a55a1.jpg was preloaded using link preload but not used within a few seconds from the window's load event. Please make sure it has an appropriate `as` value and it is preloaded intentionally. @ https://www.pinterest.com/:0
[  265771ms] [WARNING] The resource https://i.pinimg.com/236x/74/09/1e/74091eeaf8828f72ce1f9be994fc983a.jpg was preloaded using link preload but not used within a few seconds from the window's load event. Please make sure it has an appropriate `as` value and it is preloaded intentionally. @ https://www.pinterest.com/:0
[  265771ms] [WARNING] The resource https://i.pinimg.com/236x/c4/a5/e9/c4a5e9badeafedfb63f8a9f2bc8fe012.jpg was preloaded using link preload but not used within a few seconds from the window's load event. Please make sure it has an appropriate `as` value and it is preloaded intentionally. @ https://www.pinterest.com/:0
[  265771ms] [WARNING] The resource https://i.pinimg.com/474x/da/76/65/da7665b0e2cacd210adbb02dcdd08814.jpg was preloaded using link preload but not used within a few seconds from the window's load event. Please make sure it has an appropriate `as` value and it is preloaded intentionally. @ https://www.pinterest.com/:0
[  265771ms] [WARNING] The resource https://i.pinimg.com/236x/4a/a5/2e/4aa52ea81aee43094ce3e8907abd513c.jpg was preloaded using link preload but not used within a few seconds from the window's load event. Please make sure it has an appropriate `as` value and it is preloaded intentionally. @ https://www.pinterest.com/:0
[  265771ms] [WARNING] The resource https://i.pinimg.com/236x/b5/48/2c/b5482c837f677a02616df1bc46dc4666.jpg was preloaded using link preload but not used within a few seconds from the window's load event. Please make sure it has an appropriate `as` value and it is preloaded intentionally. @ https://www.pinterest.com/:0
[  265771ms] [WARNING] The resource https://i.pinimg.com/236x/e3/1f/17/e31f17b45a867a540caac1ee28b0b5b9.jpg was preloaded using link preload but not used within a few seconds from the window's load event. Please make sure it has an appropriate `as` value and it is preloaded intentionally. @ https://www.pinterest.com/:0
[  265771ms] [WARNING] The resource https://i.pinimg.com/474x/e6/09/ba/e609ba7f4a7f78080ad07e76684dd6aa.jpg was preloaded using link preload but not used within a few seconds from the window's load event. Please make sure it has an appropriate `as` value and it is preloaded intentionally. @ https://www.pinterest.com/:0
[  265771ms] [WARNING] The resource https://i.pinimg.com/474x/d8/7c/f7/d87cf7cbb00a014cd93ff5f56fe5b6b2.jpg was preloaded using link preload but not used within a few seconds from the window's load event. Please make sure it has an appropriate `as` value and it is preloaded intentionally. @ https://www.pinterest.com/:0
[  265771ms] [WARNING] The resource https://i.pinimg.com/474x/f9/3b/3d/f93b3ddf31ef0791c83fedb49fe66ca0.jpg was preloaded using link preload but not used within a few seconds from the window's load event. Please make sure it has an appropriate `as` value and it is preloaded intentionally. @ https://www.pinterest.com/:0
[  265771ms] [WARNING] The resource https://i.pinimg.com/474x/8f/bc/7f/8fbc7f3781e0bc13c7590c1edc18bfdd.jpg was preloaded using link preload but not used within a few seconds from the window's load event. Please make sure it has an appropriate `as` value and it is preloaded intentionally. @ https://www.pinterest.com/:0
[  265771ms] [WARNING] The resource https://i.pinimg.com/474x/cb/2b/ec/cb2bec06e201121494007790060aacf4.jpg was preloaded using link preload but not used within a few seconds from the window's load event. Please make sure it has an appropriate `as` value and it is preloaded intentionally. @ https://www.pinterest.com/:0
[  265771ms] [WARNING] The resource https://i.pinimg.com/474x/a4/49/ce/a449cec0babc59203877ac09cd41c290.jpg was preloaded using link preload but not used within a few seconds from the window's load event. Please make sure it has an appropriate `as` value and it is preloaded intentionally. @ https://www.pinterest.com/:0
[  265771ms] [WARNING] The resource https://i.pinimg.com/474x/69/57/c9/6957c9aca29da6217b4d6b17a4c5c0f8.jpg was preloaded using link preload but not used within a few seconds from the window's load event. Please make sure it has an appropriate `as` value and it is preloaded intentionally. @ https://www.pinterest.com/:0
[  265771ms] [WARNING] The resource https://i.pinimg.com/474x/d5/66/40/d56640c5fc3f12297b35bf96efaef546.jpg was preloaded using link preload but not used within a few seconds from the window's load event. Please make sure it has an appropriate `as` value and it is preloaded intentionally. @ https://www.pinterest.com/:0
[  277211ms] [WARNING] The resource https://i.pinimg.com/236x/91/3e/6a/913e6a852dfb8cb71fb7c39d499e6173.jpg was preloaded using link preload but not used within a few seconds from the window's load event. Please make sure it has an appropriate `as` value and it is preloaded intentionally. @ https://www.pinterest.com/:0
[  277211ms] [WARNING] The resource https://i.pinimg.com/474x/82/3c/8e/823c8ee379edb2a6b2644c56d68e73a2.jpg was preloaded using link preload but not used within a few seconds from the window's load event. Please make sure it has an appropriate `as` value and it is preloaded intentionally. @ https://www.pinterest.com/:0
[  277211ms] [WARNING] The resource https://i.pinimg.com/474x/83/0e/4f/830e4fe1c4eb1b6b0955d3c84e61fc79.jpg was preloaded using link preload but not used within a few seconds from the window's load event. Please make sure it has an appropriate `as` value and it is preloaded intentionally. @ https://www.pinterest.com/:0
[  277211ms] [WARNING] The resource https://i.pinimg.com/474x/a0/a8/36/a0a8366ce9a762e1beebab203652ab20.jpg was preloaded using link preload but not used within a few seconds from the window's load event. Please make sure it has an appropriate `as` value and it is preloaded intentionally. @ https://www.pinterest.com/:0
[  277211ms] [WARNING] The resource https://i.pinimg.com/474x/56/08/e2/5608e29c1ec39e94cfe4d50d10f8ba07.jpg was preloaded using link preload but not used within a few seconds from the window's load event. Please make sure it has an appropriate `as` value and it is preloaded intentionally. @ https://www.pinterest.com/:0
[  277211ms] [WARNING] The resource https://i.pinimg.com/474x/90/0c/3b/900c3b9188a72116f66ba09241fa614a.jpg was preloaded using link preload but not used within a few seconds from the window's load event. Please make sure it has an appropriate `as` value and it is preloaded intentionally. @ https://www.pinterest.com/:0
[  277211ms] [WARNING] The resource https://i.pinimg.com/474x/ec/c0/ae/ecc0ae9cbb0eed605b1c8c0a534e1d37.jpg was preloaded using link preload but not used within a few seconds from the window's load event. Please make sure it has an appropriate `as` value and it is preloaded intentionally. @ https://www.pinterest.com/:0
[  277211ms] [WARNING] The resource https://i.pinimg.com/236x/f1/e8/4f/f1e84f6313f6056e9504c9688c10049a.jpg was preloaded using link preload but not used within a few seconds from the window's load event. Please make sure it has an appropriate `as` value and it is preloaded intentionally. @ https://www.pinterest.com/:0
[  277211ms] [WARNING] The resource https://i.pinimg.com/474x/53/30/9c/53309cc88b2cc468fa0597f6f2c69c9f.jpg was preloaded using link preload but not used within a few seconds from the window's load event. Please make sure it has an appropriate `as` value and it is preloaded intentionally. @ https://www.pinterest.com/:0
[  277211ms] [WARNING] The resource https://i.pinimg.com/474x/99/98/9c/99989c26cbbbe68628db1cde345e5014.jpg was preloaded using link preload but not used within a few seconds from the window's load event. Please make sure it has an appropriate `as` value and it is preloaded intentionally. @ https://www.pinterest.com/:0
[  277211ms] [WARNING] The resource https://i.pinimg.com/236x/6b/9d/a4/6b9da44ea5ae73c60c1b3f1d064120c6.jpg was preloaded using link preload but not used within a few seconds from the window's load event. Please make sure it has an appropriate `as` value and it is preloaded intentionally. @ https://www.pinterest.com/:0
[  277211ms] [WARNING] The resource https://i.pinimg.com/474x/58/14/3c/58143c9060f6338e8c4f0778136e7d37.jpg was preloaded using link preload but not used within a few seconds from the window's load event. Please make sure it has an appropriate `as` value and it is preloaded intentionally. @ https://www.pinterest.com/:0
[  277211ms] [WARNING] The resource https://i.pinimg.com/474x/89/a3/0a/89a30a2fbfc41719dcdb0c398ca46f78.jpg was preloaded using link preload but not used within a few seconds from the window's load event. Please make sure it has an appropriate `as` value and it is preloaded intentionally. @ https://www.pinterest.com/:0
[  277211ms] [WARNING] The resource https://i.pinimg.com/474x/54/17/cf/5417cf313381bf0c7170574882e45175.jpg was preloaded using link preload but not used within a few seconds from the window's load event. Please make sure it has an appropriate `as` value and it is preloaded intentionally. @ https://www.pinterest.com/:0
[  277211ms] [WARNING] The resource https://i.pinimg.com/474x/af/e9/7b/afe97b016c93a81764b283dbc453ab00.jpg was preloaded using link preload but not used within a few seconds from the window's load event. Please make sure it has an appropriate `as` value and it is preloaded intentionally. @ https://www.pinterest.com/:0
[  277211ms] [WARNING] The resource https://i.pinimg.com/474x/fb/e7/4d/fbe74d6ec969a9e503a8e6e561fc6d5c.jpg was preloaded using link preload but not used within a few seconds from the window's load event. Please make sure it has an appropriate `as` value and it is preloaded intentionally. @ https://www.pinterest.com/:0
[  277211ms] [WARNING] The resource https://i.pinimg.com/474x/65/06/fd/6506fdf0317790e2ecdfa129ca9a55a1.jpg was preloaded using link preload but not used within a few seconds from the window's load event. Please make sure it has an appropriate `as` value and it is preloaded intentionally. @ https://www.pinterest.com/:0
[  277211ms] [WARNING] The resource https://i.pinimg.com/236x/74/09/1e/74091eeaf8828f72ce1f9be994fc983a.jpg was preloaded using link preload but not used within a few seconds from the window's load event. Please make sure it has an appropriate `as` value and it is preloaded intentionally. @ https://www.pinterest.com/:0
[  277211ms] [WARNING] The resource https://i.pinimg.com/236x/c4/a5/e9/c4a5e9badeafedfb63f8a9f2bc8fe012.jpg was preloaded using link preload but not used within a few seconds from the window's load event. Please make sure it has an appropriate `as` value and it is preloaded intentionally. @ https://www.pinterest.com/:0
[  277211ms] [WARNING] The resource https://i.pinimg.com/474x/da/76/65/da7665b0e2cacd210adbb02dcdd08814.jpg was preloaded using link preload but not used within a few seconds from the window's load event. Please make sure it has an appropriate `as` value and it is preloaded intentionally. @ https://www.pinterest.com/:0
[  277211ms] [WARNING] The resource https://i.pinimg.com/236x/4a/a5/2e/4aa52ea81aee43094ce3e8907abd513c.jpg was preloaded using link preload but not used within a few seconds from the window's load event. Please make sure it has an appropriate `as` value and it is preloaded intentionally. @ https://www.pinterest.com/:0
[  277211ms] [WARNING] The resource https://i.pinimg.com/236x/b5/48/2c/b5482c837f677a02616df1bc46dc4666.jpg was preloaded using link preload but not used within a few seconds from the window's load event. Please make sure it has an appropriate `as` value and it is preloaded intentionally. @ https://www.pinterest.com/:0
[  277211ms] [WARNING] The resource https://i.pinimg.com/236x/e3/1f/17/e31f17b45a867a540caac1ee28b0b5b9.jpg was preloaded using link preload but not used within a few seconds from the window's load event. Please make sure it has an appropriate `as` value and it is preloaded intentionally. @ https://www.pinterest.com/:0
[  277211ms] [WARNING] The resource https://i.pinimg.com/474x/e6/09/ba/e609ba7f4a7f78080ad07e76684dd6aa.jpg was preloaded using link preload but not used within a few seconds from the window's load event. Please make sure it has an appropriate `as` value and it is preloaded intentionally. @ https://www.pinterest.com/:0
[  277211ms] [WARNING] The resource https://i.pinimg.com/474x/d8/7c/f7/d87cf7cbb00a014cd93ff5f56fe5b6b2.jpg was preloaded using link preload but not used within a few seconds from the window's load event. Please make sure it has an appropriate `as` value and it is preloaded intentionally. @ https://www.pinterest.com/:0
[  277211ms] [WARNING] The resource https://i.pinimg.com/474x/f9/3b/3d/f93b3ddf31ef0791c83fedb49fe66ca0.jpg was preloaded using link preload but not used within a few seconds from the window's load event. Please make sure it has an appropriate `as` value and it is preloaded intentionally. @ https://www.pinterest.com/:0
[  277211ms] [WARNING] The resource https://i.pinimg.com/474x/8f/bc/7f/8fbc7f3781e0bc13c7590c1edc18bfdd.jpg was preloaded using link preload but not used within a few seconds from the window's load event. Please make sure it has an appropriate `as` value and it is preloaded intentionally. @ https://www.pinterest.com/:0
[  277211ms] [WARNING] The resource https://i.pinimg.com/474x/cb/2b/ec/cb2bec06e201121494007790060aacf4.jpg was preloaded using link preload but not used within a few seconds from the window's load event. Please make sure it has an appropriate `as` value and it is preloaded intentionally. @ https://www.pinterest.com/:0
[  277211ms] [WARNING] The resource https://i.pinimg.com/474x/a4/49/ce/a449cec0babc59203877ac09cd41c290.jpg was preloaded using link preload but not used within a few seconds from the window's load event. Please make sure it has an appropriate `as` value and it is preloaded intentionally. @ https://www.pinterest.com/:0
[  277211ms] [WARNING] The resource https://i.pinimg.com/474x/69/57/c9/6957c9aca29da6217b4d6b17a4c5c0f8.jpg was preloaded using link preload but not used within a few seconds from the window's load event. Please make sure it has an appropriate `as` value and it is preloaded intentionally. @ https://www.pinterest.com/:0
[  277211ms] [WARNING] The resource https://i.pinimg.com/474x/d5/66/40/d56640c5fc3f12297b35bf96efaef546.jpg was preloaded using link preload but not used within a few seconds from the window's load event. Please make sure it has an appropriate `as` value and it is preloaded intentionally. @ https://www.pinterest.com/:0
[  285749ms] [WARNING] The resource https://i.pinimg.com/236x/91/3e/6a/913e6a852dfb8cb71fb7c39d499e6173.jpg was preloaded using link preload but not used within a few seconds from the window's load event. Please make sure it has an appropriate `as` value and it is preloaded intentionally. @ https://www.pinterest.com/:0
[  285749ms] [WARNING] The resource https://i.pinimg.com/474x/82/3c/8e/823c8ee379edb2a6b2644c56d68e73a2.jpg was preloaded using link preload but not used within a few seconds from the window's load event. Please make sure it has an appropriate `as` value and it is preloaded intentionally. @ https://www.pinterest.com/:0
[  285749ms] [WARNING] The resource https://i.pinimg.com/474x/83/0e/4f/830e4fe1c4eb1b6b0955d3c84e61fc79.jpg was preloaded using link preload but not used within a few seconds from the window's load event. Please make sure it has an appropriate `as` value and it is preloaded intentionally. @ https://www.pinterest.com/:0
[  285749ms] [WARNING] The resource https://i.pinimg.com/474x/a0/a8/36/a0a8366ce9a762e1beebab203652ab20.jpg was preloaded using link preload but not used within a few seconds from the window's load event. Please make sure it has an appropriate `as` value and it is preloaded intentionally. @ https://www.pinterest.com/:0
[  285749ms] [WARNING] The resource https://i.pinimg.com/474x/56/08/e2/5608e29c1ec39e94cfe4d50d10f8ba07.jpg was preloaded using link preload but not used within a few seconds from the window's load event. Please make sure it has an appropriate `as` value and it is preloaded intentionally. @ https://www.pinterest.com/:0
[  285749ms] [WARNING] The resource https://i.pinimg.com/474x/90/0c/3b/900c3b9188a72116f66ba09241fa614a.jpg was preloaded using link preload but not used within a few seconds from the window's load event. Please make sure it has an appropriate `as` value and it is preloaded intentionally. @ https://www.pinterest.com/:0
[  285749ms] [WARNING] The resource https://i.pinimg.com/474x/ec/c0/ae/ecc0ae9cbb0eed605b1c8c0a534e1d37.jpg was preloaded using link preload but not used within a few seconds from the window's load event. Please make sure it has an appropriate `as` value and it is preloaded intentionally. @ https://www.pinterest.com/:0
[  285749ms] [WARNING] The resource https://i.pinimg.com/236x/f1/e8/4f/f1e84f6313f6056e9504c9688c10049a.jpg was preloaded using link preload but not used within a few seconds from the window's load event. Please make sure it has an appropriate `as` value and it is preloaded intentionally. @ https://www.pinterest.com/:0
[  285749ms] [WARNING] The resource https://i.pinimg.com/474x/53/30/9c/53309cc88b2cc468fa0597f6f2c69c9f.jpg was preloaded using link preload but not used within a few seconds from the window's load event. Please make sure it has an appropriate `as` value and it is preloaded intentionally. @ https://www.pinterest.com/:0
[  285749ms] [WARNING] The resource https://i.pinimg.com/474x/99/98/9c/99989c26cbbbe68628db1cde345e5014.jpg was preloaded using link preload but not used within a few seconds from the window's load event. Please make sure it has an appropriate `as` value and it is preloaded intentionally. @ https://www.pinterest.com/:0
[  285749ms] [WARNING] The resource https://i.pinimg.com/236x/6b/9d/a4/6b9da44ea5ae73c60c1b3f1d064120c6.jpg was preloaded using link preload but not used within a few seconds from the window's load event. Please make sure it has an appropriate `as` value and it is preloaded intentionally. @ https://www.pinterest.com/:0
[  285749ms] [WARNING] The resource https://i.pinimg.com/474x/58/14/3c/58143c9060f6338e8c4f0778136e7d37.jpg was preloaded using link preload but not used within a few seconds from the window's load event. Please make sure it has an appropriate `as` value and it is preloaded intentionally. @ https://www.pinterest.com/:0
[  285749ms] [WARNING] The resource https://i.pinimg.com/474x/89/a3/0a/89a30a2fbfc41719dcdb0c398ca46f78.jpg was preloaded using link preload but not used within a few seconds from the window's load event. Please make sure it has an appropriate `as` value and it is preloaded intentionally. @ https://www.pinterest.com/:0
[  285749ms] [WARNING] The resource https://i.pinimg.com/474x/54/17/cf/5417cf313381bf0c7170574882e45175.jpg was preloaded using link preload but not used within a few seconds from the window's load event. Please make sure it has an appropriate `as` value and it is preloaded intentionally. @ https://www.pinterest.com/:0
[  285749ms] [WARNING] The resource https://i.pinimg.com/474x/af/e9/7b/afe97b016c93a81764b283dbc453ab00.jpg was preloaded using link preload but not used within a few seconds from the window's load event. Please make sure it has an appropriate `as` value and it is preloaded intentionally. @ https://www.pinterest.com/:0
[  285749ms] [WARNING] The resource https://i.pinimg.com/474x/fb/e7/4d/fbe74d6ec969a9e503a8e6e561fc6d5c.jpg was preloaded using link preload but not used within a few seconds from the window's load event. Please make sure it has an appropriate `as` value and it is preloaded intentionally. @ https://www.pinterest.com/:0
[  285749ms] [WARNING] The resource https://i.pinimg.com/474x/65/06/fd/6506fdf0317790e2ecdfa129ca9a55a1.jpg was preloaded using link preload but not used within a few seconds from the window's load event. Please make sure it has an appropriate `as` value and it is preloaded intentionally. @ https://www.pinterest.com/:0
[  285749ms] [WARNING] The resource https://i.pinimg.com/236x/74/09/1e/74091eeaf8828f72ce1f9be994fc983a.jpg was preloaded using link preload but not used within a few seconds from the window's load event. Please make sure it has an appropriate `as` value and it is preloaded intentionally. @ https://www.pinterest.com/:0
[  285749ms] [WARNING] The resource https://i.pinimg.com/236x/c4/a5/e9/c4a5e9badeafedfb63f8a9f2bc8fe012.jpg was preloaded using link preload but not used within a few seconds from the window's load event. Please make sure it has an appropriate `as` value and it is preloaded intentionally. @ https://www.pinterest.com/:0
[  285749ms] [WARNING] The resource https://i.pinimg.com/474x/da/76/65/da7665b0e2cacd210adbb02dcdd08814.jpg was preloaded using link preload but not used within a few seconds from the window's load event. Please make sure it has an appropriate `as` value and it is preloaded intentionally. @ https://www.pinterest.com/:0
[  285749ms] [WARNING] The resource https://i.pinimg.com/236x/4a/a5/2e/4aa52ea81aee43094ce3e8907abd513c.jpg was preloaded using link preload but not used within a few seconds from the window's load event. Please make sure it has an appropriate `as` value and it is preloaded intentionally. @ https://www.pinterest.com/:0
[  285749ms] [WARNING] The resource https://i.pinimg.com/236x/b5/48/2c/b5482c837f677a02616df1bc46dc4666.jpg was preloaded using link preload but not used within a few seconds from the window's load event. Please make sure it has an appropriate `as` value and it is preloaded intentionally. @ https://www.pinterest.com/:0
[  285749ms] [WARNING] The resource https://i.pinimg.com/236x/e3/1f/17/e31f17b45a867a540caac1ee28b0b5b9.jpg was preloaded using link preload but not used within a few seconds from the window's load event. Please make sure it has an appropriate `as` value and it is preloaded intentionally. @ https://www.pinterest.com/:0
[  285749ms] [WARNING] The resource https://i.pinimg.com/474x/e6/09/ba/e609ba7f4a7f78080ad07e76684dd6aa.jpg was preloaded using link preload but not used within a few seconds from the window's load event. Please make sure it has an appropriate `as` value and it is preloaded intentionally. @ https://www.pinterest.com/:0
[  285749ms] [WARNING] The resource https://i.pinimg.com/474x/d8/7c/f7/d87cf7cbb00a014cd93ff5f56fe5b6b2.jpg was preloaded using link preload but not used within a few seconds from the window's load event. Please make sure it has an appropriate `as` value and it is preloaded intentionally. @ https://www.pinterest.com/:0
[  285749ms] [WARNING] The resource https://i.pinimg.com/474x/f9/3b/3d/f93b3ddf31ef0791c83fedb49fe66ca0.jpg was preloaded using link preload but not used within a few seconds from the window's load event. Please make sure it has an appropriate `as` value and it is preloaded intentionally. @ https://www.pinterest.com/:0
[  285749ms] [WARNING] The resource https://i.pinimg.com/474x/8f/bc/7f/8fbc7f3781e0bc13c7590c1edc18bfdd.jpg was preloaded using link preload but not used within a few seconds from the window's load event. Please make sure it has an appropriate `as` value and it is preloaded intentionally. @ https://www.pinterest.com/:0
[  285749ms] [WARNING] The resource https://i.pinimg.com/474x/cb/2b/ec/cb2bec06e201121494007790060aacf4.jpg was preloaded using link preload but not used within a few seconds from the window's load event. Please make sure it has an appropriate `as` value and it is preloaded intentionally. @ https://www.pinterest.com/:0
[  285749ms] [WARNING] The resource https://i.pinimg.com/474x/a4/49/ce/a449cec0babc59203877ac09cd41c290.jpg was preloaded using link preload but not used within a few seconds from the window's load event. Please make sure it has an appropriate `as` value and it is preloaded intentionally. @ https://www.pinterest.com/:0
[  285749ms] [WARNING] The resource https://i.pinimg.com/474x/69/57/c9/6957c9aca29da6217b4d6b17a4c5c0f8.jpg was preloaded using link preload but not used within a few seconds from the window's load event. Please make sure it has an appropriate `as` value and it is preloaded intentionally. @ https://www.pinterest.com/:0
[  285749ms] [WARNING] The resource https://i.pinimg.com/474x/d5/66/40/d56640c5fc3f12297b35bf96efaef546.jpg was preloaded using link preload but not used within a few seconds from the window's load event. Please make sure it has an appropriate `as` value and it is preloaded intentionally. @ https://www.pinterest.com/:0
[  295760ms] [WARNING] The resource https://i.pinimg.com/236x/91/3e/6a/913e6a852dfb8cb71fb7c39d499e6173.jpg was preloaded using link preload but not used within a few seconds from the window's load event. Please make sure it has an appropriate `as` value and it is preloaded intentionally. @ https://www.pinterest.com/:0
[  295760ms] [WARNING] The resource https://i.pinimg.com/474x/82/3c/8e/823c8ee379edb2a6b2644c56d68e73a2.jpg was preloaded using link preload but not used within a few seconds from the window's load event. Please make sure it has an appropriate `as` value and it is preloaded intentionally. @ https://www.pinterest.com/:0
[  295760ms] [WARNING] The resource https://i.pinimg.com/474x/83/0e/4f/830e4fe1c4eb1b6b0955d3c84e61fc79.jpg was preloaded using link preload but not used within a few seconds from the window's load event. Please make sure it has an appropriate `as` value and it is preloaded intentionally. @ https://www.pinterest.com/:0
[  295760ms] [WARNING] The resource https://i.pinimg.com/474x/a0/a8/36/a0a8366ce9a762e1beebab203652ab20.jpg was preloaded using link preload but not used within a few seconds from the window's load event. Please make sure it has an appropriate `as` value and it is preloaded intentionally. @ https://www.pinterest.com/:0
[  295760ms] [WARNING] The resource https://i.pinimg.com/474x/56/08/e2/5608e29c1ec39e94cfe4d50d10f8ba07.jpg was preloaded using link preload but not used within a few seconds from the window's load event. Please make sure it has an appropriate `as` value and it is preloaded intentionally. @ https://www.pinterest.com/:0
[  295760ms] [WARNING] The resource https://i.pinimg.com/474x/90/0c/3b/900c3b9188a72116f66ba09241fa614a.jpg was preloaded using link preload but not used within a few seconds from the window's load event. Please make sure it has an appropriate `as` value and it is preloaded intentionally. @ https://www.pinterest.com/:0
[  295760ms] [WARNING] The resource https://i.pinimg.com/474x/ec/c0/ae/ecc0ae9cbb0eed605b1c8c0a534e1d37.jpg was preloaded using link preload but not used within a few seconds from the window's load event. Please make sure it has an appropriate `as` value and it is preloaded intentionally. @ https://www.pinterest.com/:0
[  295760ms] [WARNING] The resource https://i.pinimg.com/236x/f1/e8/4f/f1e84f6313f6056e9504c9688c10049a.jpg was preloaded using link preload but not used within a few seconds from the window's load event. Please make sure it has an appropriate `as` value and it is preloaded intentionally. @ https://www.pinterest.com/:0
[  295760ms] [WARNING] The resource https://i.pinimg.com/474x/53/30/9c/53309cc88b2cc468fa0597f6f2c69c9f.jpg was preloaded using link preload but not used within a few seconds from the window's load event. Please make sure it has an appropriate `as` value and it is preloaded intentionally. @ https://www.pinterest.com/:0
[  295760ms] [WARNING] The resource https://i.pinimg.com/474x/99/98/9c/99989c26cbbbe68628db1cde345e5014.jpg was preloaded using link preload but not used within a few seconds from the window's load event. Please make sure it has an appropriate `as` value and it is preloaded intentionally. @ https://www.pinterest.com/:0
[  295760ms] [WARNING] The resource https://i.pinimg.com/236x/6b/9d/a4/6b9da44ea5ae73c60c1b3f1d064120c6.jpg was preloaded using link preload but not used within a few seconds from the window's load event. Please make sure it has an appropriate `as` value and it is preloaded intentionally. @ https://www.pinterest.com/:0
[  295760ms] [WARNING] The resource https://i.pinimg.com/474x/58/14/3c/58143c9060f6338e8c4f0778136e7d37.jpg was preloaded using link preload but not used within a few seconds from the window's load event. Please make sure it has an appropriate `as` value and it is preloaded intentionally. @ https://www.pinterest.com/:0
[  295760ms] [WARNING] The resource https://i.pinimg.com/474x/89/a3/0a/89a30a2fbfc41719dcdb0c398ca46f78.jpg was preloaded using link preload but not used within a few seconds from the window's load event. Please make sure it has an appropriate `as` value and it is preloaded intentionally. @ https://www.pinterest.com/:0
[  295760ms] [WARNING] The resource https://i.pinimg.com/474x/54/17/cf/5417cf313381bf0c7170574882e45175.jpg was preloaded using link preload but not used within a few seconds from the window's load event. Please make sure it has an appropriate `as` value and it is preloaded intentionally. @ https://www.pinterest.com/:0
[  295760ms] [WARNING] The resource https://i.pinimg.com/474x/af/e9/7b/afe97b016c93a81764b283dbc453ab00.jpg was preloaded using link preload but not used within a few seconds from the window's load event. Please make sure it has an appropriate `as` value and it is preloaded intentionally. @ https://www.pinterest.com/:0
[  295760ms] [WARNING] The resource https://i.pinimg.com/474x/fb/e7/4d/fbe74d6ec969a9e503a8e6e561fc6d5c.jpg was preloaded using link preload but not used within a few seconds from the window's load event. Please make sure it has an appropriate `as` value and it is preloaded intentionally. @ https://www.pinterest.com/:0
[  295760ms] [WARNING] The resource https://i.pinimg.com/474x/65/06/fd/6506fdf0317790e2ecdfa129ca9a55a1.jpg was preloaded using link preload but not used within a few seconds from the window's load event. Please make sure it has an appropriate `as` value and it is preloaded intentionally. @ https://www.pinterest.com/:0
[  295760ms] [WARNING] The resource https://i.pinimg.com/236x/74/09/1e/74091eeaf8828f72ce1f9be994fc983a.jpg was preloaded using link preload but not used within a few seconds from the window's load event. Please make sure it has an appropriate `as` value and it is preloaded intentionally. @ https://www.pinterest.com/:0
[  295760ms] [WARNING] The resource https://i.pinimg.com/236x/c4/a5/e9/c4a5e9badeafedfb63f8a9f2bc8fe012.jpg was preloaded using link preload but not used within a few seconds from the window's load event. Please make sure it has an appropriate `as` value and it is preloaded intentionally. @ https://www.pinterest.com/:0
[  295760ms] [WARNING] The resource https://i.pinimg.com/474x/da/76/65/da7665b0e2cacd210adbb02dcdd08814.jpg was preloaded using link preload but not used within a few seconds from the window's load event. Please make sure it has an appropriate `as` value and it is preloaded intentionally. @ https://www.pinterest.com/:0
[  295760ms] [WARNING] The resource https://i.pinimg.com/236x/4a/a5/2e/4aa52ea81aee43094ce3e8907abd513c.jpg was preloaded using link preload but not used within a few seconds from the window's load event. Please make sure it has an appropriate `as` value and it is preloaded intentionally. @ https://www.pinterest.com/:0
[  295760ms] [WARNING] The resource https://i.pinimg.com/236x/b5/48/2c/b5482c837f677a02616df1bc46dc4666.jpg was preloaded using link preload but not used within a few seconds from the window's load event. Please make sure it has an appropriate `as` value and it is preloaded intentionally. @ https://www.pinterest.com/:0
[  295760ms] [WARNING] The resource https://i.pinimg.com/236x/e3/1f/17/e31f17b45a867a540caac1ee28b0b5b9.jpg was preloaded using link preload but not used within a few seconds from the window's load event. Please make sure it has an appropriate `as` value and it is preloaded intentionally. @ https://www.pinterest.com/:0
[  295760ms] [WARNING] The resource https://i.pinimg.com/474x/e6/09/ba/e609ba7f4a7f78080ad07e76684dd6aa.jpg was preloaded using link preload but not used within a few seconds from the window's load event. Please make sure it has an appropriate `as` value and it is preloaded intentionally. @ https://www.pinterest.com/:0
[  295760ms] [WARNING] The resource https://i.pinimg.com/474x/d8/7c/f7/d87cf7cbb00a014cd93ff5f56fe5b6b2.jpg was preloaded using link preload but not used within a few seconds from the window's load event. Please make sure it has an appropriate `as` value and it is preloaded intentionally. @ https://www.pinterest.com/:0
[  295760ms] [WARNING] The resource https://i.pinimg.com/474x/f9/3b/3d/f93b3ddf31ef0791c83fedb49fe66ca0.jpg was preloaded using link preload but not used within a few seconds from the window's load event. Please make sure it has an appropriate `as` value and it is preloaded intentionally. @ https://www.pinterest.com/:0
[  295760ms] [WARNING] The resource https://i.pinimg.com/474x/8f/bc/7f/8fbc7f3781e0bc13c7590c1edc18bfdd.jpg was preloaded using link preload but not used within a few seconds from the window's load event. Please make sure it has an appropriate `as` value and it is preloaded intentionally. @ https://www.pinterest.com/:0
[  295760ms] [WARNING] The resource https://i.pinimg.com/474x/cb/2b/ec/cb2bec06e201121494007790060aacf4.jpg was preloaded using link preload but not used within a few seconds from the window's load event. Please make sure it has an appropriate `as` value and it is preloaded intentionally. @ https://www.pinterest.com/:0
[  295760ms] [WARNING] The resource https://i.pinimg.com/474x/a4/49/ce/a449cec0babc59203877ac09cd41c290.jpg was preloaded using link preload but not used within a few seconds from the window's load event. Please make sure it has an appropriate `as` value and it is preloaded intentionally. @ https://www.pinterest.com/:0
[  295760ms] [WARNING] The resource https://i.pinimg.com/474x/69/57/c9/6957c9aca29da6217b4d6b17a4c5c0f8.jpg was preloaded using link preload but not used within a few seconds from the window's load event. Please make sure it has an appropriate `as` value and it is preloaded intentionally. @ https://www.pinterest.com/:0
[  295760ms] [WARNING] The resource https://i.pinimg.com/474x/d5/66/40/d56640c5fc3f12297b35bf96efaef546.jpg was preloaded using link preload but not used within a few seconds from the window's load event. Please make sure it has an appropriate `as` value and it is preloaded intentionally. @ https://www.pinterest.com/:0
[  300776ms] [WARNING] The resource https://i.pinimg.com/236x/91/3e/6a/913e6a852dfb8cb71fb7c39d499e6173.jpg was preloaded using link preload but not used within a few seconds from the window's load event. Please make sure it has an appropriate `as` value and it is preloaded intentionally. @ https://www.pinterest.com/:0
[  300776ms] [WARNING] The resource https://i.pinimg.com/474x/82/3c/8e/823c8ee379edb2a6b2644c56d68e73a2.jpg was preloaded using link preload but not used within a few seconds from the window's load event. Please make sure it has an appropriate `as` value and it is preloaded intentionally. @ https://www.pinterest.com/:0
[  300776ms] [WARNING] The resource https://i.pinimg.com/474x/83/0e/4f/830e4fe1c4eb1b6b0955d3c84e61fc79.jpg was preloaded using link preload but not used within a few seconds from the window's load event. Please make sure it has an appropriate `as` value and it is preloaded intentionally. @ https://www.pinterest.com/:0
[  300776ms] [WARNING] The resource https://i.pinimg.com/474x/a0/a8/36/a0a8366ce9a762e1beebab203652ab20.jpg was preloaded using link preload but not used within a few seconds from the window's load event. Please make sure it has an appropriate `as` value and it is preloaded intentionally. @ https://www.pinterest.com/:0
[  300776ms] [WARNING] The resource https://i.pinimg.com/474x/56/08/e2/5608e29c1ec39e94cfe4d50d10f8ba07.jpg was preloaded using link preload but not used within a few seconds from the window's load event. Please make sure it has an appropriate `as` value and it is preloaded intentionally. @ https://www.pinterest.com/:0
[  300776ms] [WARNING] The resource https://i.pinimg.com/474x/90/0c/3b/900c3b9188a72116f66ba09241fa614a.jpg was preloaded using link preload but not used within a few seconds from the window's load event. Please make sure it has an appropriate `as` value and it is preloaded intentionally. @ https://www.pinterest.com/:0
[  300776ms] [WARNING] The resource https://i.pinimg.com/474x/ec/c0/ae/ecc0ae9cbb0eed605b1c8c0a534e1d37.jpg was preloaded using link preload but not used within a few seconds from the window's load event. Please make sure it has an appropriate `as` value and it is preloaded intentionally. @ https://www.pinterest.com/:0
[  300776ms] [WARNING] The resource https://i.pinimg.com/236x/f1/e8/4f/f1e84f6313f6056e9504c9688c10049a.jpg was preloaded using link preload but not used within a few seconds from the window's load event. Please make sure it has an appropriate `as` value and it is preloaded intentionally. @ https://www.pinterest.com/:0
[  300776ms] [WARNING] The resource https://i.pinimg.com/474x/53/30/9c/53309cc88b2cc468fa0597f6f2c69c9f.jpg was preloaded using link preload but not used within a few seconds from the window's load event. Please make sure it has an appropriate `as` value and it is preloaded intentionally. @ https://www.pinterest.com/:0
[  300776ms] [WARNING] The resource https://i.pinimg.com/474x/99/98/9c/99989c26cbbbe68628db1cde345e5014.jpg was preloaded using link preload but not used within a few seconds from the window's load event. Please make sure it has an appropriate `as` value and it is preloaded intentionally. @ https://www.pinterest.com/:0
[  300776ms] [WARNING] The resource https://i.pinimg.com/236x/6b/9d/a4/6b9da44ea5ae73c60c1b3f1d064120c6.jpg was preloaded using link preload but not used within a few seconds from the window's load event. Please make sure it has an appropriate `as` value and it is preloaded intentionally. @ https://www.pinterest.com/:0
[  300776ms] [WARNING] The resource https://i.pinimg.com/474x/58/14/3c/58143c9060f6338e8c4f0778136e7d37.jpg was preloaded using link preload but not used within a few seconds from the window's load event. Please make sure it has an appropriate `as` value and it is preloaded intentionally. @ https://www.pinterest.com/:0
[  300776ms] [WARNING] The resource https://i.pinimg.com/474x/89/a3/0a/89a30a2fbfc41719dcdb0c398ca46f78.jpg was preloaded using link preload but not used within a few seconds from the window's load event. Please make sure it has an appropriate `as` value and it is preloaded intentionally. @ https://www.pinterest.com/:0
[  300776ms] [WARNING] The resource https://i.pinimg.com/474x/54/17/cf/5417cf313381bf0c7170574882e45175.jpg was preloaded using link preload but not used within a few seconds from the window's load event. Please make sure it has an appropriate `as` value and it is preloaded intentionally. @ https://www.pinterest.com/:0
[  300776ms] [WARNING] The resource https://i.pinimg.com/474x/af/e9/7b/afe97b016c93a81764b283dbc453ab00.jpg was preloaded using link preload but not used within a few seconds from the window's load event. Please make sure it has an appropriate `as` value and it is preloaded intentionally. @ https://www.pinterest.com/:0
[  300776ms] [WARNING] The resource https://i.pinimg.com/474x/fb/e7/4d/fbe74d6ec969a9e503a8e6e561fc6d5c.jpg was preloaded using link preload but not used within a few seconds from the window's load event. Please make sure it has an appropriate `as` value and it is preloaded intentionally. @ https://www.pinterest.com/:0
[  300776ms] [WARNING] The resource https://i.pinimg.com/474x/65/06/fd/6506fdf0317790e2ecdfa129ca9a55a1.jpg was preloaded using link preload but not used within a few seconds from the window's load event. Please make sure it has an appropriate `as` value and it is preloaded intentionally. @ https://www.pinterest.com/:0
[  300776ms] [WARNING] The resource https://i.pinimg.com/236x/74/09/1e/74091eeaf8828f72ce1f9be994fc983a.jpg was preloaded using link preload but not used within a few seconds from the window's load event. Please make sure it has an appropriate `as` value and it is preloaded intentionally. @ https://www.pinterest.com/:0
[  300776ms] [WARNING] The resource https://i.pinimg.com/236x/c4/a5/e9/c4a5e9badeafedfb63f8a9f2bc8fe012.jpg was preloaded using link preload but not used within a few seconds from the window's load event. Please make sure it has an appropriate `as` value and it is preloaded intentionally. @ https://www.pinterest.com/:0
[  300776ms] [WARNING] The resource https://i.pinimg.com/474x/da/76/65/da7665b0e2cacd210adbb02dcdd08814.jpg was preloaded using link preload but not used within a few seconds from the window's load event. Please make sure it has an appropriate `as` value and it is preloaded intentionally. @ https://www.pinterest.com/:0
[  300776ms] [WARNING] The resource https://i.pinimg.com/236x/4a/a5/2e/4aa52ea81aee43094ce3e8907abd513c.jpg was preloaded using link preload but not used within a few seconds from the window's load event. Please make sure it has an appropriate `as` value and it is preloaded intentionally. @ https://www.pinterest.com/:0
[  300776ms] [WARNING] The resource https://i.pinimg.com/236x/b5/48/2c/b5482c837f677a02616df1bc46dc4666.jpg was preloaded using link preload but not used within a few seconds from the window's load event. Please make sure it has an appropriate `as` value and it is preloaded intentionally. @ https://www.pinterest.com/:0
[  300776ms] [WARNING] The resource https://i.pinimg.com/236x/e3/1f/17/e31f17b45a867a540caac1ee28b0b5b9.jpg was preloaded using link preload but not used within a few seconds from the window's load event. Please make sure it has an appropriate `as` value and it is preloaded intentionally. @ https://www.pinterest.com/:0
[  300776ms] [WARNING] The resource https://i.pinimg.com/474x/e6/09/ba/e609ba7f4a7f78080ad07e76684dd6aa.jpg was preloaded using link preload but not used within a few seconds from the window's load event. Please make sure it has an appropriate `as` value and it is preloaded intentionally. @ https://www.pinterest.com/:0
[  300776ms] [WARNING] The resource https://i.pinimg.com/474x/d8/7c/f7/d87cf7cbb00a014cd93ff5f56fe5b6b2.jpg was preloaded using link preload but not used within a few seconds from the window's load event. Please make sure it has an appropriate `as` value and it is preloaded intentionally. @ https://www.pinterest.com/:0
[  300776ms] [WARNING] The resource https://i.pinimg.com/474x/f9/3b/3d/f93b3ddf31ef0791c83fedb49fe66ca0.jpg was preloaded using link preload but not used within a few seconds from the window's load event. Please make sure it has an appropriate `as` value and it is preloaded intentionally. @ https://www.pinterest.com/:0
[  300776ms] [WARNING] The resource https://i.pinimg.com/474x/8f/bc/7f/8fbc7f3781e0bc13c7590c1edc18bfdd.jpg was preloaded using link preload but not used within a few seconds from the window's load event. Please make sure it has an appropriate `as` value and it is preloaded intentionally. @ https://www.pinterest.com/:0
[  300776ms] [WARNING] The resource https://i.pinimg.com/474x/cb/2b/ec/cb2bec06e201121494007790060aacf4.jpg was preloaded using link preload but not used within a few seconds from the window's load event. Please make sure it has an appropriate `as` value and it is preloaded intentionally. @ https://www.pinterest.com/:0
[  300776ms] [WARNING] The resource https://i.pinimg.com/474x/a4/49/ce/a449cec0babc59203877ac09cd41c290.jpg was preloaded using link preload but not used within a few seconds from the window's load event. Please make sure it has an appropriate `as` value and it is preloaded intentionally. @ https://www.pinterest.com/:0
[  300776ms] [WARNING] The resource https://i.pinimg.com/474x/69/57/c9/6957c9aca29da6217b4d6b17a4c5c0f8.jpg was preloaded using link preload but not used within a few seconds from the window's load event. Please make sure it has an appropriate `as` value and it is preloaded intentionally. @ https://www.pinterest.com/:0
[  300776ms] [WARNING] The resource https://i.pinimg.com/474x/d5/66/40/d56640c5fc3f12297b35bf96efaef546.jpg was preloaded using link preload but not used within a few seconds from the window's load event. Please make sure it has an appropriate `as` value and it is preloaded intentionally. @ https://www.pinterest.com/:0
[  317645ms] [ERROR] Failed to load resource: the server responded with a status of 403 () @ https://ads.pinterest.com/secure/arkose_data_exchange/:0
